REGION_CODE;REGION_NAME;CITY_CODE;CITY_NAME;COUNTRY_CODE
00;Alabama;00 - 00;CALHOUN;US
25;Cundinamarca;25 - 524;PANDI;CO
00;Alabama;00 - 01;LEE;US
05;Antioquia;05 - 002;ABEJORRAL;CO
00;Alabama;00 - 02;BIBB;US
76;Valle del Cauca;76 - 403;LA VICTORIA;CO
00;Alabama;00 - 03;BLOUNT;US
25;Cundinamarca;25 - 535;PASCA;CO
00;Alabama;00 - 04;CHILTON;US
05;Antioquia;05 - 021;ALEJANDRÍA;CO
00;Alabama;00 - 05;JEFFERSON;US
76;Valle del Cauca;76 - 520;PALMIRA;CO
00;Alabama;00 - 06;SHELBY;US
25;Cundinamarca;25 - 580;PULÍ;CO
00;Alabama;00 - 07;ST CLAIR;US
05;Antioquia;05 - 031;AMALFI;CO
00;Alabama;00 - 08;WALKER;US
76;Valle del Cauca;76 - 606;RESTREPO;CO
00;Alabama;00 - 09;RUSSELL;US
25;Cundinamarca;25 - 594;QUETAME;CO
00;Alabama;00 - 10;LAWRENCE;US
05;Antioquia;05 - 036;ANGELÓPOLIS;CO
00;Alabama;00 - 11;MORGAN;US
76;Valle del Cauca;76 - 622;ROLDANILLO;CO
00;Alabama;00 - 12;GENEVA;US
25;Cundinamarca;25 - 599;APULO;CO
00;Alabama;00 - 13;HENRY;US
05;Antioquia;05 - 040;ANORÍ;CO
00;Alabama;00 - 14;HOUSTON;US
76;Valle del Cauca;76 - 736;SEVILLA;CO
00;Alabama;00 - 15;COLBERT;US
25;Cundinamarca;25 - 645;SAN ANTONIO DEL TEQUENDAMA;CO
00;Alabama;00 - 16;LAUDERDALE;US
05;Antioquia;05 - 044;ANZA;CO
00;Alabama;00 - 17;ETOWAH;US
76;Valle del Cauca;76 - 828;TRUJILLO;CO
00;Alabama;00 - 18;LIMESTONE;US
25;Cundinamarca;25 - 653;SAN CAYETANO;CO
00;Alabama;00 - 19;MADISON;US
05;Antioquia;05 - 051;ARBOLETES;CO
00;Alabama;00 - 20;MOBILE;US
76;Valle del Cauca;76 - 845;ULLOA;CO
00;Alabama;00 - 21;AUTAUGA;US
25;Cundinamarca;25 - 662;SAN JUAN DE RÍO SECO;CO
00;Alabama;00 - 22;ELMORE;US
05;Antioquia;05 - 059;ARMENIA;CO
00;Alabama;00 - 23;LOWNDES;US
76;Valle del Cauca;76 - 250;VERSALLES;CO
00;Alabama;00 - 24;MONTGOMERY;US
25;Cundinamarca;25 - 736;SESQUILÉ;CO
76;Valle del Cauca;76 - 869;VIJES;CO
05;Antioquia;05 - 086;BELMIRA;CO
00;Alabama;00 - 25;GREENE;US
00;Alabama;00 - 26;HALE;US
00;Alabama;00 - 27;TUSCALOOSA;US
25;Cundinamarca;25 - 743;SILVANIA;CO
76;Valle del Cauca;76 - 892;YUMBO;CO
05;Antioquia;05 - 091;BETANIA;CO
00;Alabama;00 - 28;BALDWIN;US
00;Alabama;00 - 29;BARBOUR;US
00;Alabama;00 - 30;BULLOCK;US
25;Cundinamarca;25 - 754;SOACHA;CO
81;Arauca;81 - 001;ARAUCA;CO
05;Antioquia;05 - 101;CIUDAD BOLÍVAR;CO
00;Alabama;00 - 31;BUTLER;US
00;Alabama;00 - 32;CHAMBERS;US
00;Alabama;00 - 33;CHEROKEE;US
25;Cundinamarca;25 - 769;SUBACHOQUE;CO
81;Arauca;81 - 220;CRAVO NORTE;CO
05;Antioquia;05 - 113;BURITICÁ;CO
00;Alabama;00 - 34;CHOCTAW;US
00;Alabama;00 - 35;CLARKE;US
00;Alabama;00 - 36;CLAY;US
25;Cundinamarca;25 - 777;SUPATÁ;CO
81;Arauca;81 - 591;PUERTO RONDÓN;CO
05;Antioquia;05 - 125;CAICEDO;CO
00;Alabama;00 - 37;CLEBURNE;US
00;Alabama;00 - 38;COFFEE;US
00;Alabama;00 - 39;CONECUH;US
25;Cundinamarca;25 - 781;SUTATAUSA;CO
81;Arauca;81 - 794;TAME;CO
05;Antioquia;05 - 134;CAMPAMENTO;CO
25;Cundinamarca;25 - 793;TAUSA;CO
85;Casanare;85 - 010;AGUAZUL;CO
05;Antioquia;05 - 142;CARACOLÍ;CO
03;Arkansas;03 - 81;SALINE;US
03;Arkansas;03 - 82;CRITTENDEN;US
03;Arkansas;03 - 83;CLEVELAND;US
25;Cundinamarca;25 - 799;TENJO;CO
85;Casanare;85 - 125;HATO COROZAL;CO
05;Antioquia;05 - 147;CAREPA;CO
03;Arkansas;03 - 84;JEFFERSON;US
03;Arkansas;03 - 85;LINCOLN;US
03;Arkansas;03 - 86;MILLER;US
25;Cundinamarca;25 - 807;TIBIRITA;CO
85;Casanare;85 - 139;MANÍ;CO
05;Antioquia;05 - 150;CAROLINA;CO
03;Arkansas;03 - 87;ARKANSAS;US
03;Arkansas;03 - 88;ASHLEY;US
03;Arkansas;03 - 89;BAXTER;US
25;Cundinamarca;25 - 817;TOCANCIPÁ;CO
85;Casanare;85 - 225;NUNCHÍA;CO
05;Antioquia;05 - 172;CHIGORODÓ;CO
03;Arkansas;03 - 90;BOONE;US
03;Arkansas;03 - 91;BRADLEY;US
03;Arkansas;03 - 92;CALHOUN;US
25;Cundinamarca;25 - 839;UBALÁ;CO
85;Casanare;85 - 250;PAZ DE ARIPORO;CO
05;Antioquia;05 - 197;COCORNÁ;CO
03;Arkansas;03 - 93;CARROLL;US
03;Arkansas;03 - 94;CHICOT;US
03;Arkansas;03 - 95;CLARK;US
25;Cundinamarca;25 - 843;VILLA DE SAN DIEGO DE UBATE;CO
85;Casanare;85 - 279;RECETOR;CO
05;Antioquia;05 - 209;CONCORDIA;CO
03;Arkansas;03 - 96;CLAY;US
03;Arkansas;03 - 97;CLEBURNE;US
03;Arkansas;03 - 98;COLUMBIA;US
25;Cundinamarca;25 - 851;ÚTICA;CO
85;Casanare;85 - 315;SÁCAMA;CO
05;Antioquia;05 - 234;DABEIBA;CO
03;Arkansas;03 - 99;CONWAY;US
03;Arkansas;03 - 100;CROSS;US
03;Arkansas;03 - 101;DALLAS;US
25;Cundinamarca;25 - 867;VIANÍ;CO
85;Casanare;85 - 400;TÁMARA;CO
05;Antioquia;05 - 240;EBÉJICO;CO
03;Arkansas;03 - 102;DESHA;US
03;Arkansas;03 - 103;DREW;US
03;Arkansas;03 - 104;FULTON;US
25;Cundinamarca;25 - 873;VILLAPINZÓN;CO
85;Casanare;85 - 430;TRINIDAD;CO
05;Antioquia;05 - 264;ENTRERRIOS;CO
03;Arkansas;03 - 105;GREENE;US
03;Arkansas;03 - 106;HEMPSTEAD;US
03;Arkansas;03 - 107;HOT SPRING;US
25;Cundinamarca;25 - 878;VIOTÁ;CO
86;Putumayo;86 - 001;MOCOA;CO
05;Antioquia;05 - 282;FREDONIA;CO
03;Arkansas;03 - 108;HOWARD;US
03;Arkansas;03 - 109;INDEPENDENCE;US
03;Arkansas;03 - 110;IZARD;US
25;Cundinamarca;25 - 898;ZIPACÓN;CO
86;Putumayo;86 - 320;ORITO;CO
05;Antioquia;05 - 306;GIRALDO;CO
03;Arkansas;03 - 111;JACKSON;US
03;Arkansas;03 - 112;JOHNSON;US
03;Arkansas;03 - 113;LAFAYETTE;US
27;Chocó;27 - 001;QUIBDÓ;CO
86;Putumayo;86 - 569;PUERTO CAICEDO;CO
05;Antioquia;05 - 310;GÓMEZ PLATA;CO
03;Arkansas;03 - 114;LAWRENCE;US
03;Arkansas;03 - 115;LEE;US
03;Arkansas;03 - 116;LITTLE RIVER;US
27;Chocó;27 - 025;ALTO BAUDÓ;CO
86;Putumayo;86 - 573;LEGUÍZAMO;CO
05;Antioquia;05 - 315;GUADALUPE;CO
03;Arkansas;03 - 117;LOGAN;US
03;Arkansas;03 - 118;MARION;US
03;Arkansas;03 - 119;MISSISSIPPI;US
27;Chocó;27 - 073;BAGADÓ;CO
86;Putumayo;86 - 755;SAN FRANCISCO;CO
05;Antioquia;05 - 321;GUATAPE;CO
03;Arkansas;03 - 120;MONROE;US
03;Arkansas;03 - 121;MONTGOMERY;US
27;Chocó;27 - 077;BAJO BAUDÓ;CO
86;Putumayo;86 - 760;SANTIAGO;CO
05;Antioquia;05 - 353;HISPANIA;CO
27;Chocó;27 - 099;BOJAYA;CO
86;Putumayo;86 - 885;VILLAGARZÓN;CO
05;Antioquia;05 - 361;ITUANGO;CO
09;Florida;09 - 162;SEMINOLE;US
09;Florida;09 - 163;BREVARD;US
27;Chocó;27 - 150;CARMEN DEL DARIEN;CO
88;Archipiélago de San Andrés, Providencia y Santa Catalina;88 - 564;PROVIDENCIA;CO
05;Antioquia;05 - 368;JERICÓ;CO
09;Florida;09 - 164;BAY;US
09;Florida;09 - 165;ESCAMBIA;US
09;Florida;09 - 166;SANTA ROSA;US
27;Chocó;27 - 205;CONDOTO;CO
91;Amazonas;91 - 263;EL ENCANTO;CO
05;Antioquia;05 - 380;LA ESTRELLA;CO
09;Florida;09 - 167;MARTIN;US
09;Florida;09 - 168;ST LUCIE;US
09;Florida;09 - 169;CHARLOTTE;US
27;Chocó;27 - 250;EL LITORAL DEL SAN JUAN;CO
91;Amazonas;91 - 407;LA PEDRERA;CO
05;Antioquia;05 - 400;LA UNIÓN;CO
09;Florida;09 - 170;MANATEE;US
09;Florida;09 - 171;SARASOTA;US
09;Florida;09 - 172;GADSDEN;US
27;Chocó;27 - 372;JURADÓ;CO
91;Amazonas;91 - 460;MIRITI-PARANÁ;CO
05;Antioquia;05 - 425;MACEO;CO
09;Florida;09 - 173;JEFFERSON;US
09;Florida;09 - 174;LEON;US
09;Florida;09 - 175;WAKULLA;US
27;Chocó;27 - 425;MEDIO ATRATO;CO
91;Amazonas;91 - 536;PUERTO ARICA;CO
05;Antioquia;05 - 467;MONTEBELLO;CO
09;Florida;09 - 176;HERNANDO;US
09;Florida;09 - 177;HILLSBOROUGH;US
09;Florida;09 - 178;PASCO;US
27;Chocó;27 - 450;MEDIO SAN JUAN;CO
91;Amazonas;91 - 669;PUERTO SANTANDER;CO
05;Antioquia;05 - 480;MUTATÁ;CO
09;Florida;09 - 179;PINELLAS;US
09;Florida;09 - 180;INDIAN RIVER;US
09;Florida;09 - 181;BRADFORD;US
27;Chocó;27 - 495;NUQUÍ;CO
94;Guainía;94 - 001;INÍRIDA;CO
05;Antioquia;05 - 490;NECOCLÍ;CO
09;Florida;09 - 182;CALHOUN;US
09;Florida;09 - 183;CITRUS;US
09;Florida;09 - 184;COLUMBIA;US
27;Chocó;27 - 600;RÍO QUITO;CO
94;Guainía;94 - 663;MAPIRIPANA;CO
05;Antioquia;05 - 501;OLAYA;CO
09;Florida;09 - 185;DE SOTO;US
09;Florida;09 - 186;DIXIE;US
09;Florida;09 - 187;FLAGLER;US
27;Chocó;27 - 660;SAN JOSÉ DEL PALMAR;CO
94;Guainía;94 - 884;PUERTO COLOMBIA;CO
05;Antioquia;05 - 543;PEQUE;CO
09;Florida;09 - 188;FRANKLIN;US
09;Florida;09 - 189;GLADES;US
09;Florida;09 - 190;GULF;US
27;Chocó;27 - 787;TADÓ;CO
94;Guainía;94 - 886;CACAHUAL;CO
05;Antioquia;05 - 579;PUERTO BERRÍO;CO
09;Florida;09 - 191;HAMILTON;US
09;Florida;09 - 192;HARDEE;US
09;Florida;09 - 193;HENDRY;US
27;Chocó;27 - 810;UNIÓN PANAMERICANA;CO
94;Guainía;94 - 888;MORICHAL;CO
05;Antioquia;05 - 591;PUERTO TRIUNFO;CO
09;Florida;09 - 194;HIGHLANDS;US
09;Florida;09 - 195;HOLMES;US
09;Florida;09 - 196;JACKSON;US
41;Huila;41 - 006;ACEVEDO;CO
95;Guaviare;95 - 015;CALAMAR;CO
05;Antioquia;05 - 607;RETIRO;CO
09;Florida;09 - 197;LAFAYETTE;US
09;Florida;09 - 198;LEVY;US
09;Florida;09 - 199;LIBERTY;US
41;Huila;41 - 016;AIPE;CO
95;Guaviare;95 - 200;MIRAFLORES;CO
05;Antioquia;05 - 628;SABANALARGA;CO
09;Florida;09 - 200;MADISON;US
09;Florida;09 - 201;MONROE;US
41;Huila;41 - 026;ALTAMIRA;CO
97;Vaupés;97 - 161;CARURU;CO
05;Antioquia;05 - 642;SALGAR;CO
41;Huila;41 - 132;CAMPOALEGRE;CO
97;Vaupés;97 - 666;TARAIRA;CO
05;Antioquia;05 - 649;SAN CARLOS;CO
10;Georgia;10 - 243;PIKE;US
41;Huila;41 - 244;ELÍAS;CO
97;Vaupés;97 - 889;YAVARATÉ;CO
05;Antioquia;05 - 656;SAN JERÓNIMO;CO
10;Georgia;10 - 244;ROCKDALE;US
10;Georgia;10 - 245;SPALDING;US
10;Georgia;10 - 246;WALTON;US
41;Huila;41 - 306;GIGANTE;CO
99;Vichada;99 - 524;LA PRIMAVERA;CO
05;Antioquia;05 - 659;SAN JUAN DE URABÁ;CO
10;Georgia;10 - 247;BURKE;US
10;Georgia;10 - 248;COLUMBIA;US
10;Georgia;10 - 249;MCDUFFIE;US
41;Huila;41 - 349;HOBO;CO
99;Vichada;99 - 773;CUMARIBO;CO
05;Antioquia;05 - 664;SAN PEDRO DE LOS MILAGROS;CO
10;Georgia;10 - 250;RICHMOND;US
10;Georgia;10 - 251;BRANTLEY;US
41;Huila;41 - 359;ISNOS;CO
05;Antioquia;05 - 667;SAN RAFAEL;CO
10;Georgia;10 - 252;GLYNN;US
10;Georgia;10 - 253;MCINTOSH;US
41;Huila;41 - 396;LA PLATA;CO
05;Antioquia;05 - 674;SAN VICENTE;CO
10;Georgia;10 - 254;CATOOSA;US
10;Georgia;10 - 255;DADE;US
41;Huila;41 - 503;OPORAPA;CO
05;Antioquia;05 - 686;SANTA ROSA DE OSOS;CO
10;Georgia;10 - 256;WALKER;US
10;Georgia;10 - 257;CHATTAHOOCHEE;US
41;Huila;41 - 524;PALERMO;CO
05;Antioquia;05 - 697;EL SANTUARIO;CO
10;Georgia;10 - 258;HARRIS;US
10;Georgia;10 - 259;MARION;US
41;Huila;41 - 548;PITAL;CO
05;Antioquia;05 - 756;SONSON;CO
10;Georgia;10 - 260;MUSCOGEE;US
10;Georgia;10 - 261;MURRAY;US
41;Huila;41 - 615;RIVERA;CO
05;Antioquia;05 - 789;TÁMESIS;CO
10;Georgia;10 - 262;WHITFIELD;US
10;Georgia;10 - 263;HALL;US
41;Huila;41 - 668;SAN AGUSTÍN;CO
05;Antioquia;05 - 792;TARSO;CO
10;Georgia;10 - 264;LIBERTY;US
10;Georgia;10 - 265;LONG;US
41;Huila;41 - 770;SUAZA;CO
05;Antioquia;05 - 819;TOLEDO;CO
10;Georgia;10 - 266;BIBB;US
10;Georgia;10 - 267;CRAWFORD;US
41;Huila;41 - 797;TESALIA;CO
05;Antioquia;05 - 842;URAMITA;CO
10;Georgia;10 - 268;JONES;US
10;Georgia;10 - 269;MONROE;US
41;Huila;41 - 801;TERUEL;CO
05;Antioquia;05 - 854;VALDIVIA;CO
10;Georgia;10 - 270;TWIGGS;US
10;Georgia;10 - 271;FLOYD;US
41;Huila;41 - 872;VILLAVIEJA;CO
05;Antioquia;05 - 858;VEGACHÍ;CO
10;Georgia;10 - 272;BRYAN;US
10;Georgia;10 - 273;CHATHAM;US
44;La Guajira;44 - 001;RIOHACHA;CO
05;Antioquia;05 - 873;VIGÍA DEL FUERTE;CO
10;Georgia;10 - 274;EFFINGHAM;US
10;Georgia;10 - 275;BROOKS;US
44;La Guajira;44 - 078;BARRANCAS;CO
05;Antioquia;05 - 887;YARUMAL;CO
10;Georgia;10 - 276;ECHOLS;US
10;Georgia;10 - 277;LANIER;US
44;La Guajira;44 - 098;DISTRACCIÓN;CO
05;Antioquia;05 - 893;YONDÓ;CO
10;Georgia;10 - 278;LOWNDES;US
10;Georgia;10 - 279;HOUSTON;US
44;La Guajira;44 - 279;FONSECA;CO
08;Atlántico;08 - 001;BARRANQUILLA;CO
10;Georgia;10 - 280;APPLING;US
10;Georgia;10 - 281;ATKINSON;US
44;La Guajira;44 - 420;LA JAGUA DEL PILAR;CO
08;Atlántico;08 - 137;CAMPO DE LA CRUZ;CO
10;Georgia;10 - 282;BACON;US
44;La Guajira;44 - 560;MANAURE;CO
08;Atlántico;08 - 296;GALAPA;CO
44;La Guajira;44 - 847;URIBIA;CO
08;Atlántico;08 - 421;LURUACO;CO
44;La Guajira;44 - 874;VILLANUEVA;CO
08;Atlántico;08 - 436;MANATÍ;CO
10;Georgia;10 - 325;LUMPKIN;US
47;Magdalena;47 - 030;ALGARROBO;CO
08;Atlántico;08 - 549;PIOJÓ;CO
10;Georgia;10 - 326;MACON;US
10;Georgia;10 - 327;MILLER;US
47;Magdalena;47 - 058;ARIGUANÍ;CO
08;Atlántico;08 - 560;PONEDERA;CO
10;Georgia;10 - 328;MITCHELL;US
10;Georgia;10 - 329;MONTGOMERY;US
47;Magdalena;47 - 170;CHIBOLO;CO
08;Atlántico;08 - 606;REPELÓN;CO
10;Georgia;10 - 330;MORGAN;US
10;Georgia;10 - 331;PEACH;US
47;Magdalena;47 - 205;CONCORDIA;CO
08;Atlántico;08 - 638;SABANALARGA;CO
10;Georgia;10 - 332;PIERCE;US
10;Georgia;10 - 333;POLK;US
47;Magdalena;47 - 258;EL PIÑON;CO
08;Atlántico;08 - 685;SANTO TOMÁS;CO
10;Georgia;10 - 334;PULASKI;US
10;Georgia;10 - 335;PUTNAM;US
47;Magdalena;47 - 288;FUNDACIÓN;CO
08;Atlántico;08 - 770;SUAN;CO
10;Georgia;10 - 336;QUITMAN;US
10;Georgia;10 - 337;RABUN;US
47;Magdalena;47 - 460;NUEVA GRANADA;CO
08;Atlántico;08 - 849;USIACURÍ;CO
10;Georgia;10 - 338;RANDOLPH;US
10;Georgia;10 - 339;SCHLEY;US
47;Magdalena;47 - 545;PIJIÑO DEL CARMEN;CO
13;Bolívar;13 - 001;CARTAGENA;CO
10;Georgia;10 - 340;SCREVEN;US
10;Georgia;10 - 341;SEMINOLE;US
47;Magdalena;47 - 555;PLATO;CO
13;Bolívar;13 - 030;ALTOS DEL ROSARIO;CO
10;Georgia;10 - 342;STEPHENS;US
10;Georgia;10 - 343;STEWART;US
47;Magdalena;47 - 605;REMOLINO;CO
13;Bolívar;13 - 052;ARJONA;CO
10;Georgia;10 - 344;SUMTER;US
10;Georgia;10 - 345;TALBOT;US
47;Magdalena;47 - 675;SALAMINA;CO
13;Bolívar;13 - 074;BARRANCO DE LOBA;CO
10;Georgia;10 - 346;TALIAFERRO;US
10;Georgia;10 - 347;TATTNALL;US
47;Magdalena;47 - 703;SAN ZENÓN;CO
13;Bolívar;13 - 160;CANTAGALLO;CO
10;Georgia;10 - 348;TAYLOR;US
10;Georgia;10 - 349;TELFAIR;US
47;Magdalena;47 - 720;SANTA BÁRBARA DE PINTO;CO
13;Bolívar;13 - 212;CÓRDOBA;CO
10;Georgia;10 - 350;THOMAS;US
10;Georgia;10 - 351;TIFT;US
47;Magdalena;47 - 798;TENERIFE;CO
13;Bolívar;13 - 244;EL CARMEN DE BOLÍVAR;CO
10;Georgia;10 - 352;TOOMBS;US
10;Georgia;10 - 353;TOWNS;US
47;Magdalena;47 - 980;ZONA BANANERA;CO
13;Bolívar;13 - 268;EL PEÑÓN;CO
10;Georgia;10 - 354;TREUTLEN;US
10;Georgia;10 - 355;TROUP;US
50;Meta;50 - 006;ACACÍAS;CO
13;Bolívar;13 - 430;MAGANGUÉ;CO
10;Georgia;10 - 356;TURNER;US
10;Georgia;10 - 357;UNION;US
50;Meta;50 - 124;CABUYARO;CO
13;Bolívar;13 - 440;MARGARITA;CO
10;Georgia;10 - 358;UPSON;US
10;Georgia;10 - 359;WARE;US
50;Meta;50 - 223;CUBARRAL;CO
13;Bolívar;13 - 458;MONTECRISTO;CO
10;Georgia;10 - 360;WARREN;US
10;Georgia;10 - 361;WASHINGTON;US
50;Meta;50 - 245;EL CALVARIO;CO
13;Bolívar;13 - 473;MORALES;CO
10;Georgia;10 - 362;WAYNE;US
10;Georgia;10 - 363;WEBSTER;US
50;Meta;50 - 270;EL DORADO;CO
13;Bolívar;13 - 580;REGIDOR;CO
10;Georgia;10 - 364;WHEELER;US
50;Meta;50 - 313;GRANADA;CO
13;Bolívar;13 - 620;SAN CRISTÓBAL;CO
50;Meta;50 - 325;MAPIRIPÁN;CO
13;Bolívar;13 - 650;SAN FERNANDO;CO
50;Meta;50 - 350;LA MACARENA;CO
13;Bolívar;13 - 655;SAN JACINTO DEL CAUCA;CO
18;Louisiana;18 - 402;BEAUREGARD;US
18;Louisiana;18 - 403;BIENVILLE;US
50;Meta;50 - 400;LEJANÍAS;CO
13;Bolívar;13 - 667;SAN MARTÍN DE LOBA;CO
18;Louisiana;18 - 404;CALDWELL;US
18;Louisiana;18 - 405;CATAHOULA;US
50;Meta;50 - 568;PUERTO GAITÁN;CO
13;Bolívar;13 - 673;SANTA CATALINA;CO
18;Louisiana;18 - 406;CLAIBORNE;US
18;Louisiana;18 - 407;CONCORDIA;US
50;Meta;50 - 577;PUERTO LLERAS;CO
13;Bolívar;13 - 688;SANTA ROSA DEL SUR;CO
18;Louisiana;18 - 408;EAST CARROLL;US
18;Louisiana;18 - 409;EVANGELINE;US
50;Meta;50 - 606;RESTREPO;CO
13;Bolívar;13 - 760;SOPLAVIENTO;CO
18;Louisiana;18 - 410;FRANKLIN;US
18;Louisiana;18 - 411;IBERIA;US
50;Meta;50 - 683;SAN JUAN DE ARAMA;CO
13;Bolívar;13 - 810;TIQUISIO;CO
18;Louisiana;18 - 412;JACKSON;US
18;Louisiana;18 - 413;JEFFERSON DAVIS;US
50;Meta;50 - 689;SAN MARTÍN;CO
13;Bolívar;13 - 838;TURBANÁ;CO
18;Louisiana;18 - 414;LA SALLE;US
18;Louisiana;18 - 415;LINCOLN;US
52;Nariño;52 - 001;PASTO;CO
13;Bolívar;13 - 894;ZAMBRANO;CO
18;Louisiana;18 - 416;MADISON;US
18;Louisiana;18 - 417;MOREHOUSE;US
52;Nariño;52 - 022;ALDANA;CO
15;Boyacá;15 - 022;ALMEIDA;CO
18;Louisiana;18 - 418;NATCHITOCHES;US
18;Louisiana;18 - 419;RED RIVER;US
52;Nariño;52 - 051;ARBOLEDA;CO
15;Boyacá;15 - 051;ARCABUCO;CO
18;Louisiana;18 - 420;RICHLAND;US
18;Louisiana;18 - 421;SABINE;US
52;Nariño;52 - 083;BELÉN;CO
15;Boyacá;15 - 090;BERBEO;CO
18;Louisiana;18 - 422;ST JAMES;US
18;Louisiana;18 - 423;ST LANDRY;US
52;Nariño;52 - 203;COLÓN;CO
15;Boyacá;15 - 097;BOAVITA;CO
18;Louisiana;18 - 424;ST MARY;US
18;Louisiana;18 - 425;TANGIPAHOA;US
52;Nariño;52 - 210;CONTADERO;CO
15;Boyacá;15 - 106;BRICEÑO;CO
18;Louisiana;18 - 426;TENSAS;US
18;Louisiana;18 - 427;VERMILION;US
52;Nariño;52 - 224;CUASPUD;CO
15;Boyacá;15 - 114;BUSBANZÁ;CO
18;Louisiana;18 - 428;VERNON;US
18;Louisiana;18 - 429;WASHINGTON;US
52;Nariño;52 - 233;CUMBITARA;CO
15;Boyacá;15 - 135;CAMPOHERMOSO;CO
18;Louisiana;18 - 430;WEBSTER;US
18;Louisiana;18 - 431;WEST CARROLL;US
52;Nariño;52 - 250;EL CHARCO;CO
15;Boyacá;15 - 172;CHINAVITA;CO
18;Louisiana;18 - 432;WINN;US
20;Maryland;20 - 433;ANNE ARUNDEL;US
52;Nariño;52 - 256;EL ROSARIO;CO
15;Boyacá;15 - 180;CHISCAS;CO
20;Maryland;20 - 434;BALTIMORE;US
20;Maryland;20 - 435;CARROLL;US
52;Nariño;52 - 260;EL TAMBO;CO
15;Boyacá;15 - 185;CHITARAQUE;CO
20;Maryland;20 - 436;HARFORD;US
20;Maryland;20 - 437;HOWARD;US
52;Nariño;52 - 317;GUACHUCAL;CO
15;Boyacá;15 - 189;CIÉNEGA;CO
20;Maryland;20 - 438;QUEEN ANNES;US
52;Nariño;52 - 323;GUALMATÁN;CO
15;Boyacá;15 - 212;COPER;CO
52;Nariño;52 - 354;IMUÉS;CO
15;Boyacá;15 - 218;COVARACHÍA;CO
52;Nariño;52 - 378;LA CRUZ;CO
15;Boyacá;15 - 224;CUCAITA;CO
52;Nariño;52 - 385;LA LLANADA;CO
15;Boyacá;15 - 232;CHÍQUIZA;CO
52;Nariño;52 - 399;LA UNIÓN;CO
15;Boyacá;15 - 238;DUITAMA;CO
52;Nariño;52 - 411;LINARES;CO
15;Boyacá;15 - 248;EL ESPINO;CO
52;Nariño;52 - 427;MAGÜI;CO
15;Boyacá;15 - 276;FLORESTA;CO
20;Maryland;20 - 439;ALLEGANY;US
20;Maryland;20 - 440;WASHINGTON;US
52;Nariño;52 - 473;MOSQUERA;CO
15;Boyacá;15 - 296;GAMEZA;CO
20;Maryland;20 - 441;CECIL;US
20;Maryland;20 - 442;SOMERSET;US
52;Nariño;52 - 490;OLAYA HERRERA;CO
15;Boyacá;15 - 317;GUACAMAYAS;CO
20;Maryland;20 - 443;WICOMICO;US
20;Maryland;20 - 444;CALVERT;US
52;Nariño;52 - 520;FRANCISCO PIZARRO;CO
15;Boyacá;15 - 325;GUAYATÁ;CO
20;Maryland;20 - 445;CHARLES;US
20;Maryland;20 - 446;FREDERICK;US
52;Nariño;52 - 560;POTOSÍ;CO
15;Boyacá;15 - 362;IZA;CO
20;Maryland;20 - 447;MONTGOMERY;US
20;Maryland;20 - 448;PRINCE GEORGES;US
52;Nariño;52 - 573;PUERRES;CO
15;Boyacá;15 - 368;JERICÓ;CO
20;Maryland;20 - 449;CAROLINE;US
20;Maryland;20 - 450;DORCHESTER;US
52;Nariño;52 - 612;RICAURTE;CO
15;Boyacá;15 - 380;LA CAPILLA;CO
20;Maryland;20 - 451;GARRETT;US
20;Maryland;20 - 452;KENT;US
52;Nariño;52 - 678;SAMANIEGO;CO
15;Boyacá;15 - 403;LA UVITA;CO
20;Maryland;20 - 453;ST MARYS;US
20;Maryland;20 - 454;TALBOT;US
52;Nariño;52 - 685;SAN BERNARDO;CO
15;Boyacá;15 - 425;MACANAL;CO
20;Maryland;20 - 455;WORCESTER;US
24;Mississippi;24 - 456;HANCOCK;US
52;Nariño;52 - 693;SAN PABLO;CO
15;Boyacá;15 - 455;MIRAFLORES;CO
24;Mississippi;24 - 457;HARRISON;US
24;Mississippi;24 - 458;STONE;US
52;Nariño;52 - 696;SANTA BÁRBARA;CO
15;Boyacá;15 - 466;MONGUÍ;CO
24;Mississippi;24 - 459;FORREST;US
24;Mississippi;24 - 460;LAMAR;US
52;Nariño;52 - 720;SAPUYES;CO
15;Boyacá;15 - 476;MOTAVITA;CO
24;Mississippi;24 - 461;PERRY;US
24;Mississippi;24 - 462;COPIAH;US
52;Nariño;52 - 788;TANGUA;CO
15;Boyacá;15 - 491;NOBSA;CO
24;Mississippi;24 - 463;HINDS;US
24;Mississippi;24 - 464;MADISON;US
52;Nariño;52 - 838;TÚQUERRES;CO
15;Boyacá;15 - 500;OICATÁ;CO
24;Mississippi;24 - 465;RANKIN;US
24;Mississippi;24 - 466;SIMPSON;US
54;Norte de Santander;54 - 001;CÚCUTA;CO
15;Boyacá;15 - 511;PACHAVITA;CO
24;Mississippi;24 - 467;DE SOTO;US
24;Mississippi;24 - 468;MARSHALL;US
54;Norte de Santander;54 - 051;ARBOLEDAS;CO
15;Boyacá;15 - 516;PAIPA;CO
24;Mississippi;24 - 469;TATE;US
24;Mississippi;24 - 470;TUNICA;US
54;Norte de Santander;54 - 109;BUCARASICA;CO
15;Boyacá;15 - 522;PANQUEBA;CO
24;Mississippi;24 - 471;GEORGE;US
24;Mississippi;24 - 472;JACKSON;US
54;Norte de Santander;54 - 128;CACHIRÁ;CO
15;Boyacá;15 - 533;PAYA;CO
24;Mississippi;24 - 473;ADAMS;US
24;Mississippi;24 - 474;ALCORN;US
54;Norte de Santander;54 - 174;CHITAGÁ;CO
15;Boyacá;15 - 542;PESCA;CO
24;Mississippi;24 - 475;AMITE;US
54;Norte de Santander;54 - 223;CUCUTILLA;CO
15;Boyacá;15 - 572;PUERTO BOYACÁ;CO
54;Norte de Santander;54 - 245;EL CARMEN;CO
15;Boyacá;15 - 599;RAMIRIQUÍ;CO
54;Norte de Santander;54 - 261;EL ZULIA;CO
15;Boyacá;15 - 621;RONDÓN;CO
54;Norte de Santander;54 - 344;HACARÍ;CO
15;Boyacá;15 - 638;SÁCHICA;CO
54;Norte de Santander;54 - 377;LABATECA;CO
15;Boyacá;15 - 660;SAN EDUARDO;CO
54;Norte de Santander;54 - 398;LA PLAYA;CO
15;Boyacá;15 - 667;SAN LUIS DE GACENO;CO
54;Norte de Santander;54 - 418;LOURDES;CO
15;Boyacá;15 - 676;SAN MIGUEL DE SEMA;CO
54;Norte de Santander;54 - 498;OCAÑA;CO
15;Boyacá;15 - 686;SANTANA;CO
54;Norte de Santander;54 - 520;PAMPLONITA;CO
15;Boyacá;15 - 693;SANTA ROSA DE VITERBO;CO
54;Norte de Santander;54 - 599;RAGONVALIA;CO
15;Boyacá;15 - 720;SATIVANORTE;CO
54;Norte de Santander;54 - 670;SAN CALIXTO;CO
15;Boyacá;15 - 740;SIACHOQUE;CO
54;Norte de Santander;54 - 680;SANTIAGO;CO
15;Boyacá;15 - 755;SOCOTÁ;CO
54;Norte de Santander;54 - 743;SILOS;CO
15;Boyacá;15 - 759;SOGAMOSO;CO
54;Norte de Santander;54 - 810;TIBÚ;CO
15;Boyacá;15 - 762;SORA;CO
54;Norte de Santander;54 - 871;VILLA CARO;CO
15;Boyacá;15 - 764;SORACÁ;CO
63;Quindio;63 - 001;ARMENIA;CO
15;Boyacá;15 - 776;SUTAMARCHÁN;CO
63;Quindio;63 - 130;CALARCA;CO
15;Boyacá;15 - 790;TASCO;CO
63;Quindio;63 - 212;CÓRDOBA;CO
15;Boyacá;15 - 804;TIBANÁ;CO
63;Quindio;63 - 302;GÉNOVA;CO
15;Boyacá;15 - 808;TINJACÁ;CO
63;Quindio;63 - 470;MONTENEGRO;CO
15;Boyacá;15 - 814;TOCA;CO
63;Quindio;63 - 594;QUIMBAYA;CO
15;Boyacá;15 - 820;TÓPAGA;CO
66;Risaralda;66 - 001;PEREIRA;CO
15;Boyacá;15 - 832;TUNUNGUÁ;CO
66;Risaralda;66 - 075;BALBOA;CO
15;Boyacá;15 - 837;TUTA;CO
66;Risaralda;66 - 170;DOSQUEBRADAS;CO
15;Boyacá;15 - 842;UMBITA;CO
66;Risaralda;66 - 383;LA CELIA;CO
15;Boyacá;15 - 879;VIRACACHÁ;CO
66;Risaralda;66 - 440;MARSELLA;CO
17;Caldas;17 - 001;MANIZALES;CO
66;Risaralda;66 - 572;PUEBLO RICO;CO
17;Caldas;17 - 042;ANSERMA;CO
66;Risaralda;66 - 682;SANTA ROSA DE CABAL;CO
17;Caldas;17 - 088;BELALCÁZAR;CO
33;North Carolina;33 - 551;PERSON;US
33;North Carolina;33 - 552;CUMBERLAND;US
68;Santander;68 - 001;BUCARAMANGA;CO
17;Caldas;17 - 272;FILADELFIA;CO
33;North Carolina;33 - 553;HOKE;US
33;North Carolina;33 - 554;WAYNE;US
68;Santander;68 - 020;ALBANIA;CO
17;Caldas;17 - 388;LA MERCED;CO
33;North Carolina;33 - 555;GUILFORD;US
33;North Carolina;33 - 556;RANDOLPH;US
68;Santander;68 - 077;BARBOSA;CO
17;Caldas;17 - 442;MARMATO;CO
33;North Carolina;33 - 557;ROCKINGHAM;US
33;North Carolina;33 - 558;GREENE;US
68;Santander;68 - 081;BARRANCABERMEJA;CO
17;Caldas;17 - 446;MARULANDA;CO
33;North Carolina;33 - 559;PITT;US
33;North Carolina;33 - 560;ALEXANDER;US
68;Santander;68 - 101;BOLÍVAR;CO
17;Caldas;17 - 495;NORCASIA;CO
33;North Carolina;33 - 561;BURKE;US
33;North Carolina;33 - 562;CALDWELL;US
68;Santander;68 - 132;CALIFORNIA;CO
17;Caldas;17 - 524;PALESTINA;CO
33;North Carolina;33 - 563;CATAWBA;US
33;North Carolina;33 - 564;ONSLOW;US
68;Santander;68 - 152;CARCASÍ;CO
17;Caldas;17 - 614;RIOSUCIO;CO
33;North Carolina;33 - 565;FRANKLIN;US
33;North Carolina;33 - 566;JOHNSTON;US
68;Santander;68 - 162;CERRITO;CO
17;Caldas;17 - 653;SALAMINA;CO
33;North Carolina;33 - 567;WAKE;US
33;North Carolina;33 - 568;EDGECOMBE;US
68;Santander;68 - 169;CHARTA;CO
17;Caldas;17 - 665;SAN JOSÉ;CO
33;North Carolina;33 - 569;NASH;US
33;North Carolina;33 - 570;CURRITUCK;US
68;Santander;68 - 179;CHIPATÁ;CO
17;Caldas;17 - 867;VICTORIA;CO
33;North Carolina;33 - 571;BRUNSWICK;US
33;North Carolina;33 - 572;NEW HANOVER;US
68;Santander;68 - 207;CONCEPCIÓN;CO
17;Caldas;17 - 877;VITERBO;CO
33;North Carolina;33 - 573;PENDER;US
33;North Carolina;33 - 574;DAVIE;US
68;Santander;68 - 211;CONTRATACIÓN;CO
18;Caquetá;18 - 029;ALBANIA;CO
33;North Carolina;33 - 575;FORSYTH;US
33;North Carolina;33 - 576;STOKES;US
68;Santander;68 - 229;CURITÍ;CO
18;Caquetá;18 - 150;CARTAGENA DEL CHAIRÁ;CO
33;North Carolina;33 - 577;YADKIN;US
33;North Carolina;33 - 578;ALLEGHANY;US
68;Santander;68 - 245;EL GUACAMAYO;CO
18;Caquetá;18 - 247;EL DONCELLO;CO
33;North Carolina;33 - 579;ASHE;US
33;North Carolina;33 - 580;AVERY;US
68;Santander;68 - 255;EL PLAYÓN;CO
18;Caquetá;18 - 410;LA MONTAÑITA;CO
33;North Carolina;33 - 581;BEAUFORT;US
33;North Carolina;33 - 582;BERTIE;US
68;Santander;68 - 266;ENCISO;CO
18;Caquetá;18 - 479;MORELIA;CO
33;North Carolina;33 - 583;BLADEN;US
68;Santander;68 - 276;FLORIDABLANCA;CO
18;Caquetá;18 - 610;SAN JOSÉ DEL FRAGUA;CO
68;Santander;68 - 298;GAMBITA;CO
18;Caquetá;18 - 756;SOLANO;CO
68;Santander;68 - 318;GUACA;CO
18;Caquetá;18 - 860;VALPARAÍSO;CO
68;Santander;68 - 322;GUAPOTÁ;CO
19;Cauca;19 - 022;ALMAGUER;CO
68;Santander;68 - 327;GÜEPSA;CO
19;Cauca;19 - 075;BALBOA;CO
68;Santander;68 - 368;JESÚS MARÍA;CO
19;Cauca;19 - 110;BUENOS AIRES;CO
68;Santander;68 - 377;LA BELLEZA;CO
19;Cauca;19 - 137;CALDONO;CO
33;North Carolina;33 - 584;CAMDEN;US
33;North Carolina;33 - 585;CARTERET;US
68;Santander;68 - 397;LA PAZ;CO
19;Cauca;19 - 212;CORINTO;CO
33;North Carolina;33 - 586;CASWELL;US
33;North Carolina;33 - 587;CHEROKEE;US
68;Santander;68 - 418;LOS SANTOS;CO
19;Cauca;19 - 290;FLORENCIA;CO
33;North Carolina;33 - 588;CHOWAN;US
33;North Carolina;33 - 589;CLAY;US
68;Santander;68 - 432;MÁLAGA;CO
19;Cauca;19 - 318;GUAPI;CO
33;North Carolina;33 - 590;CLEVELAND;US
33;North Carolina;33 - 591;COLUMBUS;US
68;Santander;68 - 464;MOGOTES;CO
19;Cauca;19 - 364;JAMBALÓ;CO
33;North Carolina;33 - 592;CRAVEN;US
33;North Carolina;33 - 593;DARE;US
68;Santander;68 - 498;OCAMONTE;CO
19;Cauca;19 - 397;LA VEGA;CO
33;North Carolina;33 - 594;DAVIDSON;US
33;North Carolina;33 - 595;DUPLIN;US
68;Santander;68 - 502;ONZAGA;CO
19;Cauca;19 - 450;MERCADERES;CO
33;North Carolina;33 - 596;GATES;US
33;North Carolina;33 - 597;GRAHAM;US
68;Santander;68 - 524;PALMAS DEL SOCORRO;CO
19;Cauca;19 - 473;MORALES;CO
33;North Carolina;33 - 598;GRANVILLE;US
33;North Carolina;33 - 599;HALIFAX;US
68;Santander;68 - 547;PIEDECUESTA;CO
19;Cauca;19 - 517;PAEZ;CO
33;North Carolina;33 - 600;HARNETT;US
33;North Carolina;33 - 601;HERTFORD;US
68;Santander;68 - 572;PUENTE NACIONAL;CO
19;Cauca;19 - 533;PIAMONTE;CO
33;North Carolina;33 - 602;HYDE;US
33;North Carolina;33 - 603;IREDELL;US
68;Santander;68 - 575;PUERTO WILCHES;CO
19;Cauca;19 - 573;PUERTO TEJADA;CO
33;North Carolina;33 - 604;JACKSON;US
33;North Carolina;33 - 605;JONES;US
68;Santander;68 - 655;SABANA DE TORRES;CO
19;Cauca;19 - 622;ROSAS;CO
33;North Carolina;33 - 606;LEE;US
33;North Carolina;33 - 607;LENOIR;US
68;Santander;68 - 673;SAN BENITO;CO
19;Cauca;19 - 698;SANTANDER DE QUILICHAO;CO
33;North Carolina;33 - 608;LINCOLN;US
33;North Carolina;33 - 609;MACON;US
68;Santander;68 - 682;SAN JOAQUÍN;CO
19;Cauca;19 - 743;SILVIA;CO
33;North Carolina;33 - 610;MARTIN;US
19;Cauca;19 - 760;SOTARÁ;CO
68;Santander;68 - 686;SAN MIGUEL;CO
33;North Carolina;33 - 611;MCDOWELL;US
33;North Carolina;33 - 612;MITCHELL;US
33;North Carolina;33 - 613;MONTGOMERY;US
68;Santander;68 - 705;SANTA BÁRBARA;CO
19;Cauca;19 - 785;SUCRE;CO
33;North Carolina;33 - 614;MOORE;US
33;North Carolina;33 - 615;NORTHAMPTON;US
68;Santander;68 - 745;SIMACOTA;CO
19;Cauca;19 - 809;TIMBIQUÍ;CO
33;North Carolina;33 - 616;PAMLICO;US
33;North Carolina;33 - 617;PASQUOTANK;US
68;Santander;68 - 770;SUAITA;CO
19;Cauca;19 - 824;TOTORÓ;CO
68;Santander;68 - 780;SURATÁ;CO
20;Cesar;20 - 001;VALLEDUPAR;CO
68;Santander;68 - 855;VALLE DE SAN JOSÉ;CO
20;Cesar;20 - 013;AGUSTÍN CODAZZI;CO
68;Santander;68 - 867;VETAS;CO
20;Cesar;20 - 045;BECERRIL;CO
68;Santander;68 - 895;ZAPATOCA;CO
20;Cesar;20 - 175;CHIMICHAGUA;CO
70;Sucre;70 - 110;BUENAVISTA;CO
20;Cesar;20 - 228;CURUMANÍ;CO
70;Sucre;70 - 204;COLOSO;CO
20;Cesar;20 - 250;EL PASO;CO
70;Sucre;70 - 221;COVEÑAS;CO
20;Cesar;20 - 310;GONZÁLEZ;CO
33;North Carolina;33 - 618;PERQUIMANS;US
33;North Carolina;33 - 619;POLK;US
70;Sucre;70 - 233;EL ROBLE;CO
20;Cesar;20 - 400;LA JAGUA DE IBIRICO;CO
33;North Carolina;33 - 620;RICHMOND;US
33;North Carolina;33 - 621;ROBESON;US
70;Sucre;70 - 265;GUARANDA;CO
20;Cesar;20 - 517;PAILITAS;CO
33;North Carolina;33 - 622;ROWAN;US
33;North Carolina;33 - 623;RUTHERFORD;US
70;Sucre;70 - 418;LOS PALMITOS;CO
20;Cesar;20 - 570;PUEBLO BELLO;CO
33;North Carolina;33 - 624;SAMPSON;US
33;North Carolina;33 - 625;SCOTLAND;US
70;Sucre;70 - 473;MORROA;CO
20;Cesar;20 - 621;LA PAZ;CO
33;North Carolina;33 - 626;STANLY;US
33;North Carolina;33 - 627;SURRY;US
70;Sucre;70 - 523;PALMITO;CO
20;Cesar;20 - 750;SAN DIEGO;CO
33;North Carolina;33 - 628;SWAIN;US
33;North Carolina;33 - 629;TRANSYLVANIA;US
70;Sucre;70 - 678;SAN BENITO ABAD;CO
20;Cesar;20 - 787;TAMALAMEQUE;CO
33;North Carolina;33 - 630;TYRRELL;US
33;North Carolina;33 - 631;VANCE;US
70;Sucre;70 - 708;SAN MARCOS;CO
23;Córdoba;23 - 068;AYAPEL;CO
33;North Carolina;33 - 632;WARREN;US
33;North Carolina;33 - 633;WASHINGTON;US
70;Sucre;70 - 717;SAN PEDRO;CO
23;Córdoba;23 - 090;CANALETE;CO
33;North Carolina;33 - 634;WATAUGA;US
33;North Carolina;33 - 635;WILKES;US
70;Sucre;70 - 771;SUCRE;CO
23;Córdoba;23 - 168;CHIMÁ;CO
33;North Carolina;33 - 636;WILSON;US
33;North Carolina;33 - 637;YANCEY;US
70;Sucre;70 - 823;TOLÚ VIEJO;CO
23;Córdoba;23 - 189;CIÉNAGA DE ORO;CO
32;New York;32 - 638;ALBANY;US
32;New York;32 - 639;RENSSELAER;US
73;Tolima;73 - 024;ALPUJARRA;CO
23;Córdoba;23 - 350;LA APARTADA;CO
32;New York;32 - 640;SARATOGA;US
32;New York;32 - 641;SCHENECTADY;US
73;Tolima;73 - 030;AMBALEMA;CO
23;Córdoba;23 - 419;LOS CÓRDOBAS;CO
32;New York;32 - 642;SCHOHARIE;US
32;New York;32 - 643;BROOME;US
73;Tolima;73 - 055;ARMERO;CO
23;Córdoba;23 - 466;MONTELÍBANO;CO
32;New York;32 - 644;TIOGA;US
32;New York;32 - 645;ERIE;US
73;Tolima;73 - 124;CAJAMARCA;CO
23;Córdoba;23 - 555;PLANETA RICA;CO
32;New York;32 - 646;NIAGARA;US
32;New York;32 - 647;CHEMUNG;US
73;Tolima;73 - 152;CASABIANCA;CO
23;Córdoba;23 - 574;PUERTO ESCONDIDO;CO
32;New York;32 - 648;WARREN;US
32;New York;32 - 649;WASHINGTON;US
73;Tolima;73 - 200;COELLO;CO
23;Córdoba;23 - 586;PURÍSIMA;CO
32;New York;32 - 650;TOMPKINS;US
32;New York;32 - 651;ULSTER;US
73;Tolima;73 - 226;CUNDAY;CO
23;Córdoba;23 - 670;SAN ANDRÉS SOTAVENTO;CO
32;New York;32 - 652;BRONX;US
32;New York;32 - 653;KINGS;US
73;Tolima;73 - 268;ESPINAL;CO
23;Córdoba;23 - 675;SAN BERNARDO DEL VIENTO;CO
73;Tolima;73 - 275;FLANDES;CO
23;Córdoba;23 - 686;SAN PELAYO;CO
73;Tolima;73 - 319;GUAMO;CO
23;Córdoba;23 - 855;VALENCIA;CO
73;Tolima;73 - 349;HONDA;CO
25;Cundinamarca;25 - 019;ALBÁN;CO
73;Tolima;73 - 408;LÉRIDA;CO
25;Cundinamarca;25 - 040;ANOLAIMA;CO
73;Tolima;73 - 443;MARIQUITA;CO
25;Cundinamarca;25 - 086;BELTRÁN;CO
73;Tolima;73 - 461;MURILLO;CO
25;Cundinamarca;25 - 099;BOJACÁ;CO
32;New York;32 - 654;NASSAU;US
32;New York;32 - 655;NEW YORK;US
73;Tolima;73 - 504;ORTEGA;CO
25;Cundinamarca;25 - 123;CACHIPAY;CO
32;New York;32 - 656;PUTNAM;US
32;New York;32 - 657;QUEENS;US
73;Tolima;73 - 547;PIEDRAS;CO
25;Cundinamarca;25 - 148;CAPARRAPÍ;CO
32;New York;32 - 658;RICHMOND;US
32;New York;32 - 659;ROCKLAND;US
73;Tolima;73 - 563;PRADO;CO
25;Cundinamarca;25 - 154;CARMEN DE CARUPA;CO
32;New York;32 - 660;SUFFOLK;US
32;New York;32 - 661;WESTCHESTER;US
73;Tolima;73 - 616;RIOBLANCO;CO
25;Cundinamarca;25 - 175;CHÍA;CO
32;New York;32 - 662;DUTCHESS;US
32;New York;32 - 663;ORANGE;US
73;Tolima;73 - 624;ROVIRA;CO
25;Cundinamarca;25 - 181;CHOACHÍ;CO
32;New York;32 - 664;LIVINGSTON;US
32;New York;32 - 665;MONROE;US
73;Tolima;73 - 675;SAN ANTONIO;CO
25;Cundinamarca;25 - 200;COGUA;CO
32;New York;32 - 666;ONTARIO;US
32;New York;32 - 667;ORLEANS;US
73;Tolima;73 - 686;SANTA ISABEL;CO
25;Cundinamarca;25 - 224;CUCUNUBÁ;CO
32;New York;32 - 668;WAYNE;US
32;New York;32 - 669;MADISON;US
73;Tolima;73 - 854;VALLE DE SAN JUAN;CO
25;Cundinamarca;25 - 258;EL PEÑÓN;CO
32;New York;32 - 670;ONONDAGA;US
32;New York;32 - 671;OSWEGO;US
73;Tolima;73 - 870;VILLAHERMOSA;CO
25;Cundinamarca;25 - 269;FACATATIVÁ;CO
32;New York;32 - 672;HERKIMER;US
32;New York;32 - 673;ONEIDA;US
76;Valle del Cauca;76 - 001;CALI;CO
25;Cundinamarca;25 - 281;FOSCA;CO
32;New York;32 - 674;ALLEGANY;US
32;New York;32 - 675;CATTARAUGUS;US
76;Valle del Cauca;76 - 036;ANDALUCÍA;CO
25;Cundinamarca;25 - 288;FÚQUENE;CO
32;New York;32 - 676;CAYUGA;US
32;New York;32 - 677;CHAUTAUQUA;US
76;Valle del Cauca;76 - 054;ARGELIA;CO
25;Cundinamarca;25 - 293;GACHALA;CO
32;New York;32 - 678;CHENANGO;US
32;New York;32 - 679;CLINTON;US
76;Valle del Cauca;76 - 109;BUENAVENTURA;CO
25;Cundinamarca;25 - 297;GACHETÁ;CO
32;New York;32 - 680;COLUMBIA;US
32;New York;32 - 681;CORTLAND;US
76;Valle del Cauca;76 - 113;BUGALAGRANDE;CO
25;Cundinamarca;25 - 307;GIRARDOT;CO
32;New York;32 - 682;DELAWARE;US
32;New York;32 - 683;ESSEX;US
76;Valle del Cauca;76 - 126;CALIMA;CO
25;Cundinamarca;25 - 317;GUACHETÁ;CO
32;New York;32 - 684;FRANKLIN;US
32;New York;32 - 685;FULTON;US
76;Valle del Cauca;76 - 147;CARTAGO;CO
25;Cundinamarca;25 - 322;GUASCA;CO
32;New York;32 - 686;GENESEE;US
32;New York;32 - 687;GREENE;US
76;Valle del Cauca;76 - 243;EL ÁGUILA;CO
25;Cundinamarca;25 - 326;GUATAVITA;CO
32;New York;32 - 688;HAMILTON;US
32;New York;32 - 689;JEFFERSON;US
76;Valle del Cauca;76 - 248;EL CERRITO;CO
25;Cundinamarca;25 - 335;GUAYABETAL;CO
32;New York;32 - 690;LEWIS;US
32;New York;32 - 691;MONTGOMERY;US
25;Cundinamarca;25 - 368;JERUSALÉN;CO
76;Valle del Cauca;76 - 306;GINEBRA;CO
25;Cundinamarca;25 - 372;JUNÍN;CO
76;Valle del Cauca;76 - 318;GUACARÍ;CO
25;Cundinamarca;25 - 386;LA MESA;CO
76;Valle del Cauca;76 - 377;LA CUMBRE;CO
25;Cundinamarca;25 - 398;LA PEÑA;CO
25;Cundinamarca;25 - 407;LENGUAZAQUE;CO
24;Mississippi;24 - 476;ATTALA;US
25;Cundinamarca;25 - 430;MADRID;CO
24;Mississippi;24 - 477;BENTON;US
25;Cundinamarca;25 - 438;MEDINA;CO
24;Mississippi;24 - 478;BOLIVAR;US
25;Cundinamarca;25 - 483;NARIÑO;CO
24;Mississippi;24 - 479;CALHOUN;US
25;Cundinamarca;25 - 488;NILO;CO
24;Mississippi;24 - 480;CARROLL;US
25;Cundinamarca;25 - 491;NOCAIMA;CO
24;Mississippi;24 - 481;CHICKASAW;US
25;Cundinamarca;25 - 513;PACHO;CO
24;Mississippi;24 - 482;CHOCTAW;US
00;Resto;00 - 000;OTROS;CO
24;Mississippi;24 - 483;CLAIBORNE;US
24;Mississippi;24 - 484;CLARKE;US
24;Mississippi;24 - 485;CLAY;US
24;Mississippi;24 - 486;COAHOMA;US
24;Mississippi;24 - 487;COVINGTON;US
24;Mississippi;24 - 488;FRANKLIN;US
24;Mississippi;24 - 489;GREENE;US
24;Mississippi;24 - 490;GRENADA;US
24;Mississippi;24 - 491;HOLMES;US
24;Mississippi;24 - 492;HUMPHREYS;US
24;Mississippi;24 - 493;ISSAQUENA;US
24;Mississippi;24 - 494;ITAWAMBA;US
24;Mississippi;24 - 495;JASPER;US
24;Mississippi;24 - 496;JEFFERSON DAVIS;US
24;Mississippi;24 - 497;JEFFERSON;US
24;Mississippi;24 - 498;JONES;US
24;Mississippi;24 - 499;KEMPER;US
24;Mississippi;24 - 500;LAFAYETTE;US
24;Mississippi;24 - 501;LAUDERDALE;US
24;Mississippi;24 - 502;LAWRENCE;US
24;Mississippi;24 - 503;LEAKE;US
24;Mississippi;24 - 504;LEE;US
24;Mississippi;24 - 505;LEFLORE;US
24;Mississippi;24 - 506;LINCOLN;US
24;Mississippi;24 - 507;LOWNDES;US
24;Mississippi;24 - 508;MARION;US
24;Mississippi;24 - 509;MONROE;US
24;Mississippi;24 - 510;MONTGOMERY;US
24;Mississippi;24 - 511;NESHOBA;US
24;Mississippi;24 - 512;NEWTON;US
24;Mississippi;24 - 513;NOXUBEE;US
24;Mississippi;24 - 514;OKTIBBEHA;US
24;Mississippi;24 - 515;PANOLA;US
24;Mississippi;24 - 516;PEARL RIVER;US
24;Mississippi;24 - 517;PIKE;US
24;Mississippi;24 - 518;PONTOTOC;US
24;Mississippi;24 - 519;PRENTISS;US
24;Mississippi;24 - 520;QUITMAN;US
24;Mississippi;24 - 521;SCOTT;US
24;Mississippi;24 - 522;SHARKEY;US
24;Mississippi;24 - 523;SMITH;US
24;Mississippi;24 - 524;SUNFLOWER;US
24;Mississippi;24 - 525;TALLAHATCHIE;US
24;Mississippi;24 - 526;TIPPAH;US
24;Mississippi;24 - 527;TISHOMINGO;US
24;Mississippi;24 - 528;UNION;US
24;Mississippi;24 - 529;WALTHALL;US
24;Mississippi;24 - 530;WARREN;US
24;Mississippi;24 - 531;WASHINGTON;US
24;Mississippi;24 - 532;WAYNE;US
24;Mississippi;24 - 533;WEBSTER;US
24;Mississippi;24 - 534;WILKINSON;US
24;Mississippi;24 - 535;WINSTON;US
24;Mississippi;24 - 536;YALOBUSHA;US
24;Mississippi;24 - 537;YAZOO;US
33;North Carolina;33 - 538;BUNCOMBE;US
33;North Carolina;33 - 539;HAYWOOD;US
33;North Carolina;33 - 540;HENDERSON;US
33;North Carolina;33 - 541;MADISON;US
33;North Carolina;33 - 542;ALAMANCE;US
33;North Carolina;33 - 543;ANSON;US
33;North Carolina;33 - 544;CABARRUS;US
33;North Carolina;33 - 545;GASTON;US
33;North Carolina;33 - 546;MECKLENBURG;US
33;North Carolina;33 - 547;UNION;US
33;North Carolina;33 - 548;CHATHAM;US
33;North Carolina;33 - 549;DURHAM;US
33;North Carolina;33 - 550;ORANGE;US
05;Antioquia;05 - 001;MEDELLÍN;CO
32;New York;32 - 692;OTSEGO;US
76;Valle del Cauca;76 - 400;LA UNIÓN;CO
32;New York;32 - 693;SCHUYLER;US
25;Cundinamarca;25 - 530;PARATEBUENO;CO
32;New York;32 - 694;SENECA;US
05;Antioquia;05 - 004;ABRIAQUÍ;CO
32;New York;32 - 695;ST LAWRENCE;US
76;Valle del Cauca;76 - 497;OBANDO;CO
32;New York;32 - 696;STEUBEN;US
25;Cundinamarca;25 - 572;PUERTO SALGAR;CO
32;New York;32 - 697;SULLIVAN;US
05;Antioquia;05 - 030;AMAGÁ;CO
32;New York;32 - 698;WYOMING;US
76;Valle del Cauca;76 - 563;PRADERA;CO
32;New York;32 - 699;YATES;US
25;Cundinamarca;25 - 592;QUEBRADANEGRA;CO
35;Ohio;35 - 700;PORTAGE;US
05;Antioquia;05 - 034;ANDES;CO
35;Ohio;35 - 701;SUMMIT;US
76;Valle del Cauca;76 - 616;RIOFRÍO;CO
35;Ohio;35 - 702;CARROLL;US
25;Cundinamarca;25 - 596;QUIPILE;CO
35;Ohio;35 - 703;STARK;US
05;Antioquia;05 - 038;ANGOSTURA;CO
35;Ohio;35 - 704;BROWN;US
76;Valle del Cauca;76 - 670;SAN PEDRO;CO
35;Ohio;35 - 705;BUTLER;US
25;Cundinamarca;25 - 612;RICAURTE;CO
35;Ohio;35 - 706;CLERMONT;US
05;Antioquia;05 - 042;SANTAFÉ DE ANTIOQUIA;CO
35;Ohio;35 - 707;HAMILTON;US
76;Valle del Cauca;76 - 823;TORO;CO
35;Ohio;35 - 708;WARREN;US
25;Cundinamarca;25 - 649;SAN BERNARDO;CO
35;Ohio;35 - 709;CUYAHOGA;US
05;Antioquia;05 - 045;APARTADÓ;CO
35;Ohio;35 - 710;GEAUGA;US
76;Valle del Cauca;76 - 834;TULUÁ;CO
35;Ohio;35 - 711;LAKE;US
25;Cundinamarca;25 - 658;SAN FRANCISCO;CO
35;Ohio;35 - 712;LORAIN;US
05;Antioquia;05 - 055;ARGELIA;CO
35;Ohio;35 - 713;MEDINA;US
76;Valle del Cauca;76 - 863;VERSALLES;CO
35;Ohio;35 - 714;DELAWARE;US
25;Cundinamarca;25 - 718;SASAIMA;CO
35;Ohio;35 - 715;FAIRFIELD;US
05;Antioquia;05 - 079;BARBOSA;CO
35;Ohio;35 - 716;FRANKLIN;US
35;Ohio;35 - 717;LICKING;US
35;Ohio;35 - 718;MADISON;US
25;Cundinamarca;25 - 740;SIBATÉ;CO
76;Valle del Cauca;76 - 890;YOTOCO;CO
05;Antioquia;05 - 088;BELLO;CO
35;Ohio;35 - 719;MORROW;US
35;Ohio;35 - 720;PICKAWAY;US
35;Ohio;35 - 721;UNION;US
25;Cundinamarca;25 - 745;SIMIJACA;CO
76;Valle del Cauca;76 - 895;ZARZAL;CO
05;Antioquia;05 - 093;BETULIA;CO
35;Ohio;35 - 722;GREENE;US
35;Ohio;35 - 723;MIAMI;US
35;Ohio;35 - 724;MONTGOMERY;US
25;Cundinamarca;25 - 758;SOPÓ;CO
81;Arauca;81 - 065;ARAUQUITA;CO
05;Antioquia;05 - 107;BRICEÑO;CO
35;Ohio;35 - 725;PREBLE;US
35;Ohio;35 - 726;LAWRENCE;US
35;Ohio;35 - 727;ALLEN;US
25;Cundinamarca;25 - 772;SUESCA;CO
81;Arauca;81 - 300;FORTUL;CO
05;Antioquia;05 - 120;CÁCERES;CO
35;Ohio;35 - 728;RICHLAND;US
35;Ohio;35 - 729;WASHINGTON;US
35;Ohio;35 - 730;ERIE;US
25;Cundinamarca;25 - 779;SUSA;CO
81;Arauca;81 - 736;SARAVENA;CO
05;Antioquia;05 - 129;CALDAS;CO
35;Ohio;35 - 731;CLARK;US
35;Ohio;35 - 732;FULTON;US
35;Ohio;35 - 733;LUCAS;US
25;Cundinamarca;25 - 785;TABIO;CO
85;Casanare;85 - 001;YOPAL;CO
05;Antioquia;05 - 138;CAÑASGORDAS;CO
35;Ohio;35 - 734;OTTAWA;US
35;Ohio;35 - 735;WOOD;US
25;Cundinamarca;25 - 797;TENA;CO
85;Casanare;85 - 015;CHAMEZA;CO
05;Antioquia;05 - 145;CARAMANTA;CO
35;Ohio;35 - 736;JEFFERSON;US
35;Ohio;35 - 737;BELMONT;US
35;Ohio;35 - 738;MAHONING;US
25;Cundinamarca;25 - 805;TIBACUY;CO
85;Casanare;85 - 136;LA SALINA;CO
05;Antioquia;05 - 148;EL CARMEN DE VIBORAL;CO
35;Ohio;35 - 739;TRUMBULL;US
35;Ohio;35 - 740;ADAMS;US
35;Ohio;35 - 741;ASHLAND;US
25;Cundinamarca;25 - 815;TOCAIMA;CO
85;Casanare;85 - 162;MONTERREY;CO
05;Antioquia;05 - 154;CAUCASIA;CO
35;Ohio;35 - 742;ASHTABULA;US
35;Ohio;35 - 743;ATHENS;US
35;Ohio;35 - 744;AUGLAIZE;US
25;Cundinamarca;25 - 823;TOPAIPÍ;CO
85;Casanare;85 - 230;OROCUÉ;CO
05;Antioquia;05 - 190;CISNEROS;CO
35;Ohio;35 - 745;CHAMPAIGN;US
35;Ohio;35 - 746;CLINTON;US
35;Ohio;35 - 747;COLUMBIANA;US
25;Cundinamarca;25 - 841;UBAQUE;CO
85;Casanare;85 - 263;PORE;CO
05;Antioquia;05 - 206;CONCEPCIÓN;CO
35;Ohio;35 - 748;COSHOCTON;US
35;Ohio;35 - 749;CRAWFORD;US
35;Ohio;35 - 750;DARKE;US
25;Cundinamarca;25 - 845;UNE;CO
85;Casanare;85 - 300;SABANALARGA;CO
05;Antioquia;05 - 212;COPACABANA;CO
35;Ohio;35 - 751;DEFIANCE;US
35;Ohio;35 - 752;FAYETTE;US
35;Ohio;35 - 753;GALLIA;US
25;Cundinamarca;25 - 862;VERGARA;CO
85;Casanare;85 - 325;SAN LUIS DE PALENQUE;CO
05;Antioquia;05 - 237;DON MATÍAS;CO
35;Ohio;35 - 754;GUERNSEY;US
35;Ohio;35 - 755;HANCOCK;US
35;Ohio;35 - 756;HARDIN;US
25;Cundinamarca;25 - 871;VILLAGÓMEZ;CO
85;Casanare;85 - 410;TAURAMENA;CO
05;Antioquia;05 - 250;EL BAGRE;CO
35;Ohio;35 - 757;HARRISON;US
35;Ohio;35 - 758;HENRY;US
35;Ohio;35 - 759;HIGHLAND;US
25;Cundinamarca;25 - 875;VILLETA;CO
85;Casanare;85 - 440;VILLANUEVA;CO
05;Antioquia;05 - 266;ENVIGADO;CO
35;Ohio;35 - 760;HOCKING;US
35;Ohio;35 - 761;HOLMES;US
35;Ohio;35 - 762;HURON;US
25;Cundinamarca;25 - 885;YACOPÍ;CO
86;Putumayo;86 - 219;COLÓN;CO
05;Antioquia;05 - 284;FRONTINO;CO
35;Ohio;35 - 763;JACKSON;US
35;Ohio;35 - 764;KNOX;US
35;Ohio;35 - 765;LOGAN;US
25;Cundinamarca;25 - 899;ZIPAQUIRÁ;CO
86;Putumayo;86 - 568;PUERTO ASÍS;CO
05;Antioquia;05 - 308;GIRARDOTA;CO
35;Ohio;35 - 766;MARION;US
35;Ohio;35 - 767;MEIGS;US
35;Ohio;35 - 768;MERCER;US
27;Chocó;27 - 006;ACANDÍ;CO
86;Putumayo;86 - 571;PUERTO GUZMÁN;CO
05;Antioquia;05 - 313;GRANADA;CO
35;Ohio;35 - 769;MONROE;US
35;Ohio;35 - 770;MORGAN;US
35;Ohio;35 - 771;MUSKINGUM;US
27;Chocó;27 - 050;ATRATO;CO
86;Putumayo;86 - 749;SIBUNDOY;CO
05;Antioquia;05 - 318;GUARNE;CO
35;Ohio;35 - 772;NOBLE;US
35;Ohio;35 - 773;PAULDING;US
35;Ohio;35 - 774;PERRY;US
27;Chocó;27 - 075;BAHÍA SOLANO;CO
86;Putumayo;86 - 757;SAN MIGUEL;CO
05;Antioquia;05 - 347;HELICONIA;CO
35;Ohio;35 - 775;PIKE;US
35;Ohio;35 - 776;PUTNAM;US
35;Ohio;35 - 777;ROSS;US
27;Chocó;27 - 086;BELÉN DE BAJIRÁ;CO
86;Putumayo;86 - 865;VALLE DEL GUAMUEZ;CO
05;Antioquia;05 - 360;ITAGUI;CO
27;Chocó;27 - 135;EL CANTÓN DEL SAN PABLO;CO
88;Archipiélago de San Andrés, Providencia y Santa Catalina;88 - 001;SAN ANDRÉS;CO
05;Antioquia;05 - 364;JARDÍN;CO
35;Ohio;35 - 778;SANDUSKY;US
35;Ohio;35 - 779;SCIOTO;US
35;Ohio;35 - 780;SENECA;US
27;Chocó;27 - 160;CÉRTEGUI;CO
91;Amazonas;91 - 001;LETICIA;CO
05;Antioquia;05 - 376;LA CEJA;CO
35;Ohio;35 - 781;SHELBY;US
35;Ohio;35 - 782;TUSCARAWAS;US
35;Ohio;35 - 783;VAN WERT;US
27;Chocó;27 - 245;EL CARMEN DE ATRATO;CO
91;Amazonas;91 - 405;LA CHORRERA;CO
05;Antioquia;05 - 390;LA PINTADA;CO
35;Ohio;35 - 784;VINTON;US
35;Ohio;35 - 785;WAYNE;US
35;Ohio;35 - 786;WILLIAMS;US
27;Chocó;27 - 361;ISTMINA;CO
91;Amazonas;91 - 430;LA VICTORIA;CO
05;Antioquia;05 - 411;LIBORINA;CO
35;Ohio;35 - 787;WYANDOT;US
38;Pennsylvania;38 - 788;CARBON;US
38;Pennsylvania;38 - 789;LEHIGH;US
27;Chocó;27 - 413;LLORÓ;CO
91;Amazonas;91 - 530;PUERTO ALEGRÍA;CO
05;Antioquia;05 - 440;MARINILLA;CO
38;Pennsylvania;38 - 790;NORTHAMPTON;US
38;Pennsylvania;38 - 791;BLAIR;US
38;Pennsylvania;38 - 792;ERIE;US
27;Chocó;27 - 430;MEDIO BAUDÓ;CO
91;Amazonas;91 - 540;PUERTO NARIÑO;CO
05;Antioquia;05 - 475;MURINDÓ;CO
38;Pennsylvania;38 - 793;CUMBERLAND;US
38;Pennsylvania;38 - 794;DAUPHIN;US
38;Pennsylvania;38 - 795;PERRY;US
27;Chocó;27 - 491;NÓVITA;CO
91;Amazonas;91 - 798;TARAPACÁ;CO
05;Antioquia;05 - 483;NARIÑO;CO
38;Pennsylvania;38 - 796;CAMBRIA;US
38;Pennsylvania;38 - 797;LANCASTER;US
38;Pennsylvania;38 - 798;LEBANON;US
27;Chocó;27 - 580;RÍO IRÓ;CO
94;Guainía;94 - 343;BARRANCO MINAS;CO
05;Antioquia;05 - 495;NECHÍ;CO
38;Pennsylvania;38 - 799;PIKE;US
38;Pennsylvania;38 - 800;BUCKS;US
38;Pennsylvania;38 - 801;CHESTER;US
27;Chocó;27 - 615;RIOSUCIO;CO
94;Guainía;94 - 883;SAN FELIPE;CO
05;Antioquia;05 - 541;PEÑOL;CO
38;Pennsylvania;38 - 802;DELAWARE;US
38;Pennsylvania;38 - 803;MONTGOMERY;US
38;Pennsylvania;38 - 804;PHILADELPHIA;US
27;Chocó;27 - 745;SIPÍ;CO
94;Guainía;94 - 885;LA GUADALUPE;CO
05;Antioquia;05 - 576;PUEBLORRICO;CO
38;Pennsylvania;38 - 805;ALLEGHENY;US
38;Pennsylvania;38 - 806;ARMSTRONG;US
38;Pennsylvania;38 - 807;BEAVER;US
27;Chocó;27 - 800;UNGUÍA;CO
94;Guainía;94 - 887;PANA PANA;CO
05;Antioquia;05 - 585;PUERTO NARE;CO
38;Pennsylvania;38 - 808;BUTLER;US
38;Pennsylvania;38 - 809;FAYETTE;US
38;Pennsylvania;38 - 810;WASHINGTON;US
41;Huila;41 - 001;NEIVA;CO
95;Guaviare;95 - 001;SAN JOSÉ DEL GUAVIARE;CO
05;Antioquia;05 - 604;REMEDIOS;CO
38;Pennsylvania;38 - 811;WESTMORELAND;US
38;Pennsylvania;38 - 812;BERKS;US
38;Pennsylvania;38 - 813;LACKAWANNA;US
41;Huila;41 - 013;AGRADO;CO
95;Guaviare;95 - 025;EL RETORNO;CO
05;Antioquia;05 - 615;RIONEGRO;CO
38;Pennsylvania;38 - 814;LUZERNE;US
41;Huila;41 - 020;ALGECIRAS;CO
97;Vaupés;97 - 001;MITÚ;CO
05;Antioquia;05 - 631;SABANETA;CO
41;Huila;41 - 078;BARAYA;CO
97;Vaupés;97 - 511;PACOA;CO
05;Antioquia;05 - 647;SAN ANDRÉS DE CUERQUÍA;CO
41;Huila;41 - 206;COLOMBIA;CO
97;Vaupés;97 - 777;PAPUNAUA;CO
05;Antioquia;05 - 652;SAN FRANCISCO;CO
00;Alabama;00 - 40;COOSA;US
00;Alabama;00 - 41;COVINGTON;US
00;Alabama;00 - 42;CRENSHAW;US
41;Huila;41 - 298;GARZÓN;CO
99;Vichada;99 - 001;PUERTO CARREÑO;CO
05;Antioquia;05 - 658;SAN JOSÉ DE LA MONTAÑA;CO
00;Alabama;00 - 43;CULLMAN;US
00;Alabama;00 - 44;DALE;US
00;Alabama;00 - 45;DALLAS;US
41;Huila;41 - 319;GUADALUPE;CO
99;Vichada;99 - 624;SANTA ROSALÍA;CO
05;Antioquia;05 - 660;SAN LUIS;CO
00;Alabama;00 - 46;DE KALB;US
00;Alabama;00 - 47;ESCAMBIA;US
00;Alabama;00 - 48;FAYETTE;US
41;Huila;41 - 357;IQUIRA;CO
05;Antioquia;05 - 665;SAN PEDRO DE URABA;CO
00;Alabama;00 - 49;FRANKLIN;US
00;Alabama;00 - 50;JACKSON;US
41;Huila;41 - 378;LA ARGENTINA;CO
05;Antioquia;05 - 670;SAN ROQUE;CO
00;Alabama;00 - 51;LAMAR;US
00;Alabama;00 - 52;MACON;US
41;Huila;41 - 483;NÁTAGA;CO
05;Antioquia;05 - 679;SANTA BÁRBARA;CO
00;Alabama;00 - 53;MARENGO;US
00;Alabama;00 - 54;MARION;US
41;Huila;41 - 518;PAICOL;CO
05;Antioquia;05 - 690;SANTO DOMINGO;CO
00;Alabama;00 - 55;MARSHALL;US
00;Alabama;00 - 56;MONROE;US
41;Huila;41 - 530;PALESTINA;CO
05;Antioquia;05 - 736;SEGOVIA;CO
00;Alabama;00 - 57;PERRY;US
00;Alabama;00 - 58;PICKENS;US
41;Huila;41 - 551;PITALITO;CO
05;Antioquia;05 - 761;SOPETRÁN;CO
00;Alabama;00 - 59;PIKE;US
00;Alabama;00 - 60;RANDOLPH;US
41;Huila;41 - 660;SALADOBLANCO;CO
05;Antioquia;05 - 790;TARAZÁ;CO
00;Alabama;00 - 61;SUMTER;US
00;Alabama;00 - 62;TALLADEGA;US
41;Huila;41 - 676;SANTA MARÍA;CO
05;Antioquia;05 - 809;TITIRIBÍ;CO
00;Alabama;00 - 63;TALLAPOOSA;US
00;Alabama;00 - 64;WASHINGTON;US
41;Huila;41 - 791;TARQUI;CO
05;Antioquia;05 - 837;TURBO;CO
00;Alabama;00 - 65;WILCOX;US
00;Alabama;00 - 66;WINSTON;US
41;Huila;41 - 799;TELLO;CO
05;Antioquia;05 - 847;URRAO;CO
03;Arkansas;03 - 67;BENTON;US
03;Arkansas;03 - 68;MADISON;US
41;Huila;41 - 807;TIMANÁ;CO
05;Antioquia;05 - 856;VALPARAÍSO;CO
03;Arkansas;03 - 69;WASHINGTON;US
03;Arkansas;03 - 70;CRAWFORD;US
41;Huila;41 - 885;YAGUARÁ;CO
05;Antioquia;05 - 861;VENECIA;CO
03;Arkansas;03 - 71;FRANKLIN;US
03;Arkansas;03 - 72;SEBASTIAN;US
44;La Guajira;44 - 035;ALBANIA;CO
05;Antioquia;05 - 885;YALÍ;CO
03;Arkansas;03 - 73;GARLAND;US
03;Arkansas;03 - 74;CRAIGHEAD;US
44;La Guajira;44 - 090;DIBULLA;CO
05;Antioquia;05 - 890;YOLOMBÓ;CO
03;Arkansas;03 - 75;POINSETT;US
03;Arkansas;03 - 76;FAULKNER;US
44;La Guajira;44 - 110;EL MOLINO;CO
05;Antioquia;05 - 895;ZARAGOZA;CO
03;Arkansas;03 - 77;GRANT;US
03;Arkansas;03 - 78;LONOKE;US
44;La Guajira;44 - 378;HATO NUEVO;CO
08;Atlántico;08 - 078;BARANOA;CO
03;Arkansas;03 - 79;PERRY;US
03;Arkansas;03 - 80;PULASKI;US
44;La Guajira;44 - 430;MAICAO;CO
08;Atlántico;08 - 141;CANDELARIA;CO
44;La Guajira;44 - 650;SAN JUAN DEL CESAR;CO
08;Atlántico;08 - 372;JUAN DE ACOSTA;CO
44;La Guajira;44 - 855;URUMITA;CO
08;Atlántico;08 - 433;MALAMBO;CO
47;Magdalena;47 - 001;SANTA MARTA;CO
08;Atlántico;08 - 520;PALMAR DE VARELA;CO
03;Arkansas;03 - 122;NEVADA;US
03;Arkansas;03 - 123;NEWTON;US
47;Magdalena;47 - 053;ARACATACA;CO
08;Atlántico;08 - 558;POLONUEVO;CO
03;Arkansas;03 - 124;OUACHITA;US
03;Arkansas;03 - 125;PHILLIPS;US
47;Magdalena;47 - 161;CERRO SAN ANTONIO;CO
08;Atlántico;08 - 573;PUERTO COLOMBIA;CO
03;Arkansas;03 - 126;PIKE;US
03;Arkansas;03 - 127;POLK;US
47;Magdalena;47 - 189;CIÉNAGA;CO
08;Atlántico;08 - 634;SABANAGRANDE;CO
03;Arkansas;03 - 128;POPE;US
03;Arkansas;03 - 129;PRAIRIE;US
47;Magdalena;47 - 245;EL BANCO;CO
08;Atlántico;08 - 675;SANTA LUCÍA;CO
03;Arkansas;03 - 130;RANDOLPH;US
03;Arkansas;03 - 131;SCOTT;US
47;Magdalena;47 - 268;EL RETÉN;CO
08;Atlántico;08 - 758;SOLEDAD;CO
03;Arkansas;03 - 132;SEARCY;US
03;Arkansas;03 - 133;SEVIER;US
47;Magdalena;47 - 318;GUAMAL;CO
08;Atlántico;08 - 832;TUBARÁ;CO
03;Arkansas;03 - 134;SHARP;US
03;Arkansas;03 - 135;ST FRANCIS;US
47;Magdalena;47 - 541;PEDRAZA;CO
11;Bogotá, D.C.;11 - 001;BOGOTÁ, D.C.;CO
03;Arkansas;03 - 136;STONE;US
03;Arkansas;03 - 137;UNION;US
47;Magdalena;47 - 551;PIVIJAY;CO
13;Bolívar;13 - 006;ACHÍ;CO
03;Arkansas;03 - 138;VAN BUREN;US
03;Arkansas;03 - 139;WHITE;US
47;Magdalena;47 - 570;PUEBLOVIEJO;CO
13;Bolívar;13 - 042;ARENAL;CO
03;Arkansas;03 - 140;WOODRUFF;US
03;Arkansas;03 - 141;YELL;US
47;Magdalena;47 - 660;SABANAS DE SAN ANGEL;CO
13;Bolívar;13 - 062;ARROYOHONDO;CO
08;District of Columbia;08 - 142;DISTRICT OF COLUMBIA;US
09;Florida;09 - 143;LEE;US
47;Magdalena;47 - 692;SAN SEBASTIÁN DE BUENAVISTA;CO
13;Bolívar;13 - 140;CALAMAR;CO
09;Florida;09 - 144;VOLUSIA;US
09;Florida;09 - 145;OKALOOSA;US
47;Magdalena;47 - 707;SANTA ANA;CO
13;Bolívar;13 - 188;CICUCO;CO
09;Florida;09 - 146;ALACHUA;US
09;Florida;09 - 147;GILCHRIST;US
47;Magdalena;47 - 745;SITIONUEVO;CO
13;Bolívar;13 - 222;CLEMENCIA;CO
09;Florida;09 - 148;BAKER;US
09;Florida;09 - 149;CLAY;US
47;Magdalena;47 - 960;ZAPAYÁN;CO
13;Bolívar;13 - 248;EL GUAMO;CO
09;Florida;09 - 150;DUVAL;US
09;Florida;09 - 151;NASSAU;US
50;Meta;50 - 001;VILLAVICENCIO;CO
13;Bolívar;13 - 300;HATILLO DE LOBA;CO
09;Florida;09 - 152;ST JOHNS;US
09;Florida;09 - 153;POLK;US
50;Meta;50 - 110;BARRANCA DE UPÍA;CO
13;Bolívar;13 - 433;MAHATES;CO
09;Florida;09 - 154;BROWARD;US
09;Florida;09 - 155;DADE;US
50;Meta;50 - 150;CASTILLA LA NUEVA;CO
13;Bolívar;13 - 442;MARÍA LA BAJA;CO
09;Florida;09 - 156;PALM BEACH;US
09;Florida;09 - 157;COLLIER;US
50;Meta;50 - 226;CUMARAL;CO
13;Bolívar;13 - 468;MOMPÓS;CO
09;Florida;09 - 158;MARION;US
09;Florida;09 - 159;LAKE;US
50;Meta;50 - 251;EL CASTILLO;CO
13;Bolívar;13 - 549;PINILLOS;CO
09;Florida;09 - 160;ORANGE;US
09;Florida;09 - 161;OSCEOLA;US
50;Meta;50 - 287;FUENTE DE ORO;CO
13;Bolívar;13 - 600;RÍO VIEJO;CO
50;Meta;50 - 318;GUAMAL;CO
13;Bolívar;13 - 647;SAN ESTANISLAO;CO
50;Meta;50 - 330;MESETAS;CO
13;Bolívar;13 - 654;SAN JACINTO;CO
50;Meta;50 - 370;URIBE;CO
13;Bolívar;13 - 657;SAN JUAN NEPOMUCENO;CO
50;Meta;50 - 450;PUERTO CONCORDIA;CO
13;Bolívar;13 - 670;SAN PABLO;CO
50;Meta;50 - 573;PUERTO LÓPEZ;CO
13;Bolívar;13 - 683;SANTA ROSA;CO
50;Meta;50 - 590;PUERTO RICO;CO
13;Bolívar;13 - 744;SIMITÍ;CO
50;Meta;50 - 680;SAN CARLOS DE GUAROA;CO
13;Bolívar;13 - 780;TALAIGUA NUEVO;CO
50;Meta;50 - 686;SAN JUANITO;CO
13;Bolívar;13 - 836;TURBACO;CO
50;Meta;50 - 711;VISTA HERMOSA;CO
13;Bolívar;13 - 873;VILLANUEVA;CO
52;Nariño;52 - 019;ALBÁN;CO
15;Boyacá;15 - 001;TUNJA;CO
52;Nariño;52 - 036;ANCUYÁ;CO
15;Boyacá;15 - 047;AQUITANIA;CO
52;Nariño;52 - 079;BARBACOAS;CO
15;Boyacá;15 - 087;BELÉN;CO
52;Nariño;52 - 110;BUESACO;CO
15;Boyacá;15 - 092;BETÉITIVA;CO
52;Nariño;52 - 207;CONSACA;CO
15;Boyacá;15 - 104;BOYACÁ;CO
52;Nariño;52 - 215;CÓRDOBA;CO
15;Boyacá;15 - 109;BUENAVISTA;CO
52;Nariño;52 - 227;CUMBAL;CO
15;Boyacá;15 - 131;CALDAS;CO
52;Nariño;52 - 240;CHACHAGÜÍ;CO
15;Boyacá;15 - 162;CERINZA;CO
52;Nariño;52 - 254;EL PEÑOL;CO
15;Boyacá;15 - 176;CHIQUINQUIRÁ;CO
52;Nariño;52 - 258;EL TABLÓN DE GÓMEZ;CO
15;Boyacá;15 - 183;CHITA;CO
52;Nariño;52 - 287;FUNES;CO
15;Boyacá;15 - 187;CHIVATÁ;CO
52;Nariño;52 - 320;GUAITARILLA;CO
15;Boyacá;15 - 204;CÓMBITA;CO
52;Nariño;52 - 352;ILES;CO
15;Boyacá;15 - 215;CORRALES;CO
52;Nariño;52 - 356;IPIALES;CO
15;Boyacá;15 - 223;CUBARÁ;CO
52;Nariño;52 - 381;LA FLORIDA;CO
15;Boyacá;15 - 226;CUÍTIVA;CO
52;Nariño;52 - 390;LA TOLA;CO
15;Boyacá;15 - 236;CHIVOR;CO
52;Nariño;52 - 405;LEIVA;CO
15;Boyacá;15 - 244;EL COCUY;CO
52;Nariño;52 - 418;LOS ANDES;CO
15;Boyacá;15 - 272;FIRAVITOBA;CO
09;Florida;09 - 202;OKEECHOBEE;US
09;Florida;09 - 203;PUTNAM;US
52;Nariño;52 - 435;MALLAMA;CO
15;Boyacá;15 - 293;GACHANTIVÁ;CO
09;Florida;09 - 204;SUMTER;US
09;Florida;09 - 205;SUWANNEE;US
52;Nariño;52 - 480;NARIÑO;CO
15;Boyacá;15 - 299;GARAGOA;CO
09;Florida;09 - 206;TAYLOR;US
09;Florida;09 - 207;UNION;US
52;Nariño;52 - 506;OSPINA;CO
15;Boyacá;15 - 322;GUATEQUE;CO
09;Florida;09 - 208;WALTON;US
09;Florida;09 - 209;WASHINGTON;US
52;Nariño;52 - 540;POLICARPA;CO
15;Boyacá;15 - 332;GÜICÁN;CO
10;Georgia;10 - 210;BAKER;US
10;Georgia;10 - 211;DOUGHERTY;US
52;Nariño;52 - 565;PROVIDENCIA;CO
15;Boyacá;15 - 367;JENESANO;CO
10;Georgia;10 - 212;LEE;US
10;Georgia;10 - 213;TERRELL;US
52;Nariño;52 - 585;PUPIALES;CO
15;Boyacá;15 - 377;LABRANZAGRANDE;CO
10;Georgia;10 - 214;WORTH;US
10;Georgia;10 - 215;CLARKE;US
52;Nariño;52 - 621;ROBERTO PAYÁN;CO
15;Boyacá;15 - 401;LA VICTORIA;CO
10;Georgia;10 - 216;MADISON;US
10;Georgia;10 - 217;OCONEE;US
52;Nariño;52 - 683;SANDONÁ;CO
15;Boyacá;15 - 407;VILLA DE LEYVA;CO
10;Georgia;10 - 218;OGLETHORPE;US
10;Georgia;10 - 219;BARROW;US
52;Nariño;52 - 687;SAN LORENZO;CO
15;Boyacá;15 - 442;MARIPÍ;CO
10;Georgia;10 - 220;BARTOW;US
10;Georgia;10 - 221;BUTTS;US
52;Nariño;52 - 694;SAN PEDRO DE CARTAGO;CO
15;Boyacá;15 - 464;MONGUA;CO
10;Georgia;10 - 222;CARROLL;US
10;Georgia;10 - 223;CHEROKEE;US
52;Nariño;52 - 699;SANTACRUZ;CO
15;Boyacá;15 - 469;MONIQUIRÁ;CO
10;Georgia;10 - 224;CLAYTON;US
10;Georgia;10 - 225;COBB;US
52;Nariño;52 - 786;TAMINANGO;CO
15;Boyacá;15 - 480;MUZO;CO
10;Georgia;10 - 226;COWETA;US
10;Georgia;10 - 227;DAWSON;US
52;Nariño;52 - 835;SAN ANDRES DE TUMACO;CO
15;Boyacá;15 - 494;NUEVO COLÓN;CO
10;Georgia;10 - 228;DE KALB;US
10;Georgia;10 - 229;DOUGLAS;US
52;Nariño;52 - 885;YACUANQUER;CO
15;Boyacá;15 - 507;OTANCHE;CO
10;Georgia;10 - 230;FAYETTE;US
10;Georgia;10 - 231;FORSYTH;US
54;Norte de Santander;54 - 003;ABREGO;CO
15;Boyacá;15 - 514;PÁEZ;CO
10;Georgia;10 - 232;FULTON;US
10;Georgia;10 - 233;GWINNETT;US
54;Norte de Santander;54 - 099;BOCHALEMA;CO
15;Boyacá;15 - 518;PAJARITO;CO
10;Georgia;10 - 234;HARALSON;US
10;Georgia;10 - 235;HEARD;US
54;Norte de Santander;54 - 125;CÁCOTA;CO
15;Boyacá;15 - 531;PAUNA;CO
10;Georgia;10 - 236;HENRY;US
10;Georgia;10 - 237;JASPER;US
54;Norte de Santander;54 - 172;CHINÁCOTA;CO
15;Boyacá;15 - 537;PAZ DE RÍO;CO
10;Georgia;10 - 238;LAMAR;US
10;Georgia;10 - 239;MERIWETHER;US
54;Norte de Santander;54 - 206;CONVENCIÓN;CO
15;Boyacá;15 - 550;PISBA;CO
10;Georgia;10 - 240;NEWTON;US
10;Georgia;10 - 241;PAULDING;US
54;Norte de Santander;54 - 239;DURANIA;CO
15;Boyacá;15 - 580;QUÍPAMA;CO
10;Georgia;10 - 242;PICKENS;US
54;Norte de Santander;54 - 250;EL TARRA;CO
15;Boyacá;15 - 600;RÁQUIRA;CO
54;Norte de Santander;54 - 313;GRAMALOTE;CO
15;Boyacá;15 - 632;SABOYÁ;CO
54;Norte de Santander;54 - 347;HERRÁN;CO
15;Boyacá;15 - 646;SAMACÁ;CO
54;Norte de Santander;54 - 385;LA ESPERANZA;CO
15;Boyacá;15 - 664;SAN JOSÉ DE PARE;CO
54;Norte de Santander;54 - 405;LOS PATIOS;CO
15;Boyacá;15 - 673;SAN MATEO;CO
54;Norte de Santander;54 - 480;MUTISCUA;CO
15;Boyacá;15 - 681;SAN PABLO DE BORBUR;CO
54;Norte de Santander;54 - 518;PAMPLONA;CO
15;Boyacá;15 - 690;SANTA MARÍA;CO
54;Norte de Santander;54 - 553;PUERTO SANTANDER;CO
15;Boyacá;15 - 696;SANTA SOFÍA;CO
54;Norte de Santander;54 - 660;SALAZAR;CO
15;Boyacá;15 - 723;SATIVASUR;CO
54;Norte de Santander;54 - 673;SAN CAYETANO;CO
15;Boyacá;15 - 753;SOATÁ;CO
54;Norte de Santander;54 - 720;SARDINATA;CO
15;Boyacá;15 - 757;SOCHA;CO
54;Norte de Santander;54 - 800;TEORAMA;CO
15;Boyacá;15 - 761;SOMONDOCO;CO
54;Norte de Santander;54 - 820;TOLEDO;CO
15;Boyacá;15 - 763;SOTAQUIRÁ;CO
54;Norte de Santander;54 - 874;VILLA DEL ROSARIO;CO
15;Boyacá;15 - 774;SUSACÓN;CO
63;Quindio;63 - 111;BUENAVISTA;CO
15;Boyacá;15 - 778;SUTATENZA;CO
63;Quindio;63 - 190;CIRCASIA;CO
15;Boyacá;15 - 798;TENZA;CO
63;Quindio;63 - 272;FILANDIA;CO
15;Boyacá;15 - 806;TIBASOSA;CO
63;Quindio;63 - 401;LA TEBAIDA;CO
15;Boyacá;15 - 810;TIPACOQUE;CO
63;Quindio;63 - 548;PIJAO;CO
15;Boyacá;15 - 816;TOGÜÍ;CO
63;Quindio;63 - 690;SALENTO;CO
15;Boyacá;15 - 822;TOTA;CO
66;Risaralda;66 - 045;APÍA;CO
15;Boyacá;15 - 835;TURMEQUÉ;CO
66;Risaralda;66 - 088;BELÉN DE UMBRÍA;CO
15;Boyacá;15 - 839;TUTAZÁ;CO
66;Risaralda;66 - 318;GUÁTICA;CO
15;Boyacá;15 - 861;VENTAQUEMADA;CO
66;Risaralda;66 - 400;LA VIRGINIA;CO
15;Boyacá;15 - 897;ZETAQUIRA;CO
66;Risaralda;66 - 456;MISTRATÓ;CO
17;Caldas;17 - 013;AGUADAS;CO
66;Risaralda;66 - 594;QUINCHÍA;CO
17;Caldas;17 - 050;ARANZAZU;CO
10;Georgia;10 - 283;BALDWIN;US
10;Georgia;10 - 284;BANKS;US
66;Risaralda;66 - 687;SANTUARIO;CO
17;Caldas;17 - 174;CHINCHINÁ;CO
10;Georgia;10 - 285;BEN HILL;US
10;Georgia;10 - 286;BERRIEN;US
68;Santander;68 - 013;AGUADA;CO
17;Caldas;17 - 380;LA DORADA;CO
10;Georgia;10 - 287;BLECKLEY;US
10;Georgia;10 - 288;BULLOCH;US
68;Santander;68 - 051;ARATOCA;CO
17;Caldas;17 - 433;MANZANARES;CO
10;Georgia;10 - 289;CALHOUN;US
10;Georgia;10 - 290;CAMDEN;US
68;Santander;68 - 079;BARICHARA;CO
17;Caldas;17 - 444;MARQUETALIA;CO
10;Georgia;10 - 291;CANDLER;US
10;Georgia;10 - 292;CHARLTON;US
68;Santander;68 - 092;BETULIA;CO
17;Caldas;17 - 486;NEIRA;CO
10;Georgia;10 - 293;CHATTOOGA;US
10;Georgia;10 - 294;CLAY;US
68;Santander;68 - 121;CABRERA;CO
17;Caldas;17 - 513;PÁCORA;CO
10;Georgia;10 - 295;CLINCH;US
10;Georgia;10 - 296;COFFEE;US
68;Santander;68 - 147;CAPITANEJO;CO
17;Caldas;17 - 541;PENSILVANIA;CO
10;Georgia;10 - 297;COLQUITT;US
10;Georgia;10 - 298;COOK;US
68;Santander;68 - 160;CEPITÁ;CO
17;Caldas;17 - 616;RISARALDA;CO
10;Georgia;10 - 299;CRISP;US
10;Georgia;10 - 300;DECATUR;US
68;Santander;68 - 167;CHARALÁ;CO
17;Caldas;17 - 662;SAMANÁ;CO
10;Georgia;10 - 301;DODGE;US
10;Georgia;10 - 302;DOOLY;US
68;Santander;68 - 176;CHIMA;CO
17;Caldas;17 - 777;SUPÍA;CO
10;Georgia;10 - 303;EARLY;US
10;Georgia;10 - 304;ELBERT;US
68;Santander;68 - 190;CIMITARRA;CO
17;Caldas;17 - 873;VILLAMARÍA;CO
10;Georgia;10 - 305;EMANUEL;US
10;Georgia;10 - 306;EVANS;US
68;Santander;68 - 209;CONFINES;CO
18;Caquetá;18 - 001;FLORENCIA;CO
10;Georgia;10 - 307;FANNIN;US
10;Georgia;10 - 308;FRANKLIN;US
68;Santander;68 - 217;COROMORO;CO
18;Caquetá;18 - 094;BELÉN DE LOS ANDAQUÍES;CO
10;Georgia;10 - 309;GILMER;US
10;Georgia;10 - 310;GLASCOCK;US
68;Santander;68 - 235;EL CARMEN DE CHUCURÍ;CO
18;Caquetá;18 - 205;CURILLO;CO
10;Georgia;10 - 311;GORDON;US
10;Georgia;10 - 312;GRADY;US
68;Santander;68 - 250;EL PEÑÓN;CO
18;Caquetá;18 - 256;EL PAUJIL;CO
10;Georgia;10 - 313;GREENE;US
10;Georgia;10 - 314;HABERSHAM;US
68;Santander;68 - 264;ENCINO;CO
18;Caquetá;18 - 460;MILÁN;CO
10;Georgia;10 - 315;HANCOCK;US
10;Georgia;10 - 316;HART;US
68;Santander;68 - 271;FLORIÁN;CO
18;Caquetá;18 - 592;PUERTO RICO;CO
10;Georgia;10 - 317;IRWIN;US
10;Georgia;10 - 318;JACKSON;US
68;Santander;68 - 296;GALÁN;CO
18;Caquetá;18 - 753;SAN VICENTE DEL CAGUÁN;CO
10;Georgia;10 - 319;JEFF DAVIS;US
10;Georgia;10 - 320;JEFFERSON;US
68;Santander;68 - 307;GIRÓN;CO
18;Caquetá;18 - 785;SOLITA;CO
10;Georgia;10 - 321;JENKINS;US
10;Georgia;10 - 322;JOHNSON;US
68;Santander;68 - 320;GUADALUPE;CO
19;Cauca;19 - 001;POPAYÁN;CO
10;Georgia;10 - 323;LAURENS;US
10;Georgia;10 - 324;LINCOLN;US
68;Santander;68 - 324;GUAVATÁ;CO
19;Cauca;19 - 050;ARGELIA;CO
68;Santander;68 - 344;HATO;CO
19;Cauca;19 - 100;BOLÍVAR;CO
68;Santander;68 - 370;JORDÁN;CO
19;Cauca;19 - 130;CAJIBÍO;CO
68;Santander;68 - 385;LANDÁZURI;CO
19;Cauca;19 - 142;CALOTO;CO
68;Santander;68 - 406;LEBRIJA;CO
19;Cauca;19 - 256;EL TAMBO;CO
68;Santander;68 - 425;MACARAVITA;CO
19;Cauca;19 - 300;GUACHENÉ;CO
68;Santander;68 - 444;MATANZA;CO
19;Cauca;19 - 355;INZÁ;CO
68;Santander;68 - 468;MOLAGAVITA;CO
19;Cauca;19 - 392;LA SIERRA;CO
68;Santander;68 - 500;OIBA;CO
19;Cauca;19 - 418;LÓPEZ;CO
68;Santander;68 - 522;PALMAR;CO
19;Cauca;19 - 455;MIRANDA;CO
68;Santander;68 - 533;PÁRAMO;CO
19;Cauca;19 - 513;PADILLA;CO
68;Santander;68 - 549;PINCHOTE;CO
19;Cauca;19 - 532;PATÍA;CO
68;Santander;68 - 573;PUERTO PARRA;CO
19;Cauca;19 - 548;PIENDAMÓ;CO
68;Santander;68 - 615;RIONEGRO;CO
19;Cauca;19 - 585;PURACÉ;CO
68;Santander;68 - 669;SAN ANDRÉS;CO
19;Cauca;19 - 693;SAN SEBASTIÁN;CO
68;Santander;68 - 679;SAN GIL;CO
19;Cauca;19 - 701;SANTA ROSA;CO
68;Santander;68 - 684;SAN JOSÉ DE MIRANDA;CO
19;Cauca;19 - 760;SOTARA;CO
68;Santander;68 - 689;SAN VICENTE DE CHUCURÍ;CO
19;Cauca;19 - 780;SUÁREZ;CO
68;Santander;68 - 720;SANTA HELENA DEL OPÓN;CO
19;Cauca;19 - 807;TIMBÍO;CO
68;Santander;68 - 755;SOCORRO;CO
19;Cauca;19 - 821;TORIBIO;CO
68;Santander;68 - 773;SUCRE;CO
19;Cauca;19 - 845;VILLA RICA;CO
68;Santander;68 - 820;TONA;CO
20;Cesar;20 - 011;AGUACHICA;CO
68;Santander;68 - 861;VÉLEZ;CO
20;Cesar;20 - 032;ASTREA;CO
68;Santander;68 - 872;VILLANUEVA;CO
20;Cesar;20 - 060;BOSCONIA;CO
70;Sucre;70 - 001;SINCELEJO;CO
20;Cesar;20 - 178;CHIRIGUANÁ;CO
70;Sucre;70 - 124;CAIMITO;CO
20;Cesar;20 - 238;EL COPEY;CO
70;Sucre;70 - 215;COROZAL;CO
20;Cesar;20 - 295;GAMARRA;CO
70;Sucre;70 - 230;CHALÁN;CO
20;Cesar;20 - 383;LA GLORIA;CO
10;Georgia;10 - 365;WHITE;US
10;Georgia;10 - 366;WILCOX;US
70;Sucre;70 - 235;GALERAS;CO
20;Cesar;20 - 443;MANAURE;CO
10;Georgia;10 - 367;WILKES;US
10;Georgia;10 - 368;WILKINSON;US
70;Sucre;70 - 400;LA UNIÓN;CO
20;Cesar;20 - 550;PELAYA;CO
18;Louisiana;18 - 369;GRANT;US
18;Louisiana;18 - 370;RAPIDES;US
70;Sucre;70 - 429;MAJAGUAL;CO
20;Cesar;20 - 614;RÍO DE ORO;CO
18;Louisiana;18 - 371;ASCENSION;US
18;Louisiana;18 - 372;EAST BATON ROUGE;US
70;Sucre;70 - 508;OVEJAS;CO
20;Cesar;20 - 710;SAN ALBERTO;CO
18;Louisiana;18 - 373;EAST FELICIANA;US
18;Louisiana;18 - 374;IBERVILLE;US
70;Sucre;70 - 670;SAMPUÉS;CO
20;Cesar;20 - 770;SAN MARTÍN;CO
18;Louisiana;18 - 375;LIVINGSTON;US
18;Louisiana;18 - 376;POINTE COUPEE;US
70;Sucre;70 - 702;SAN JUAN DE BETULIA;CO
23;Córdoba;23 - 001;MONTERÍA;CO
18;Louisiana;18 - 377;ST HELENA;US
18;Louisiana;18 - 378;WEST BATON ROUGE;US
70;Sucre;70 - 713;SAN ONOFRE;CO
23;Córdoba;23 - 079;BUENAVISTA;CO
18;Louisiana;18 - 379;WEST FELICIANA;US
18;Louisiana;18 - 380;LAFOURCHE;US
70;Sucre;70 - 742;SAN LUIS DE SINCÉ;CO
23;Córdoba;23 - 162;CERETÉ;CO
18;Louisiana;18 - 381;TERREBONNE;US
18;Louisiana;18 - 382;LAFAYETTE;US
70;Sucre;70 - 820;SANTIAGO DE TOLÚ;CO
23;Córdoba;23 - 182;CHINÚ;CO
18;Louisiana;18 - 383;ST MARTIN;US
18;Louisiana;18 - 384;CALCASIEU;US
73;Tolima;73 - 001;IBAGUÉ;CO
23;Córdoba;23 - 300;COTORRA;CO
18;Louisiana;18 - 385;CAMERON;US
18;Louisiana;18 - 386;OUACHITA;US
73;Tolima;73 - 026;ALVARADO;CO
23;Córdoba;23 - 417;LORICA;CO
18;Louisiana;18 - 387;UNION;US
18;Louisiana;18 - 388;JEFFERSON;US
73;Tolima;73 - 043;ANZOÁTEGUI;CO
23;Córdoba;23 - 464;MOMIL;CO
18;Louisiana;18 - 389;ORLEANS;US
18;Louisiana;18 - 390;PLAQUEMINES;US
73;Tolima;73 - 067;ATACO;CO
23;Córdoba;23 - 500;MOÑITOS;CO
18;Louisiana;18 - 391;ST BERNARD;US
18;Louisiana;18 - 392;ST CHARLES;US
73;Tolima;73 - 148;CARMEN DE APICALÁ;CO
23;Córdoba;23 - 570;PUEBLO NUEVO;CO
18;Louisiana;18 - 393;ST JOHN THE BAPTIST;US
18;Louisiana;18 - 394;ST TAMMANY;US
73;Tolima;73 - 168;CHAPARRAL;CO
23;Córdoba;23 - 580;PUERTO LIBERTADOR;CO
18;Louisiana;18 - 395;BOSSIER;US
18;Louisiana;18 - 396;CADDO;US
73;Tolima;73 - 217;COYAIMA;CO
23;Córdoba;23 - 660;SAHAGÚN;CO
18;Louisiana;18 - 397;DE SOTO;US
18;Louisiana;18 - 398;ACADIA;US
73;Tolima;73 - 236;DOLORES;CO
23;Córdoba;23 - 672;SAN ANTERO;CO
18;Louisiana;18 - 399;ALLEN;US
18;Louisiana;18 - 400;ASSUMPTION;US
73;Tolima;73 - 270;FALAN;CO
23;Córdoba;23 - 678;SAN CARLOS;CO
18;Louisiana;18 - 401;AVOYELLES;US
73;Tolima;73 - 283;FRESNO;CO
23;Córdoba;23 - 807;TIERRALTA;CO
73;Tolima;73 - 347;HERVEO;CO
25;Cundinamarca;25 - 001;AGUA DE DIOS;CO
73;Tolima;73 - 352;ICONONZO;CO
25;Cundinamarca;25 - 035;ANAPOIMA;CO
73;Tolima;73 - 411;LÍBANO;CO
25;Cundinamarca;25 - 053;ARBELÁEZ;CO
73;Tolima;73 - 449;MELGAR;CO
25;Cundinamarca;25 - 095;BITUIMA;CO
73;Tolima;73 - 483;NATAGAIMA;CO
25;Cundinamarca;25 - 120;CABRERA;CO
73;Tolima;73 - 520;PALOCABILDO;CO
25;Cundinamarca;25 - 126;CAJICÁ;CO
73;Tolima;73 - 555;PLANADAS;CO
25;Cundinamarca;25 - 151;CAQUEZA;CO
73;Tolima;73 - 585;PURIFICACIÓN;CO
25;Cundinamarca;25 - 168;CHAGUANÍ;CO
73;Tolima;73 - 622;RONCESVALLES;CO
25;Cundinamarca;25 - 178;CHIPAQUE;CO
73;Tolima;73 - 671;SALDAÑA;CO
25;Cundinamarca;25 - 183;CHOCONTÁ;CO
73;Tolima;73 - 678;SAN LUIS;CO
25;Cundinamarca;25 - 214;COTA;CO
73;Tolima;73 - 770;SUÁREZ;CO
25;Cundinamarca;25 - 245;EL COLEGIO;CO
73;Tolima;73 - 861;VENADILLO;CO
25;Cundinamarca;25 - 260;EL ROSAL;CO
73;Tolima;73 - 873;VILLARRICA;CO
25;Cundinamarca;25 - 279;FOMEQUE;CO
76;Valle del Cauca;76 - 020;ALCALÁ;CO
25;Cundinamarca;25 - 286;FUNZA;CO
76;Valle del Cauca;76 - 041;ANSERMANUEVO;CO
25;Cundinamarca;25 - 290;FUSAGASUGÁ;CO
76;Valle del Cauca;76 - 100;BOLÍVAR;CO
25;Cundinamarca;25 - 295;GACHANCIPÁ;CO
76;Valle del Cauca;76 - 111;GUADALAJARA DE BUGA;CO
25;Cundinamarca;25 - 299;GAMA;CO
76;Valle del Cauca;76 - 122;CAICEDONIA;CO
25;Cundinamarca;25 - 312;GRANADA;CO
76;Valle del Cauca;76 - 130;CANDELARIA;CO
25;Cundinamarca;25 - 320;GUADUAS;CO
76;Valle del Cauca;76 - 233;DAGUA;CO
25;Cundinamarca;25 - 324;GUATAQUÍ;CO
76;Valle del Cauca;76 - 246;EL CAIRO;CO
25;Cundinamarca;25 - 328;GUAYABAL DE SIQUIMA;CO
76;Valle del Cauca;76 - 250;EL DOVIO;CO
25;Cundinamarca;25 - 339;GUTIÉRREZ;CO
76;Valle del Cauca;76 - 275;FLORIDA;CO
25;Cundinamarca;25 - 377;LA CALERA;CO
76;Valle del Cauca;76 - 364;JAMUNDÍ;CO
25;Cundinamarca;25 - 394;LA PALMA;CO
25;Cundinamarca;25 - 402;LA VEGA;CO
25;Cundinamarca;25 - 426;MACHETA;CO
25;Cundinamarca;25 - 436;MANTA;CO
25;Cundinamarca;25 - 473;MOSQUERA;CO
25;Cundinamarca;25 - 486;NEMOCÓN;CO
25;Cundinamarca;25 - 489;NIMAIMA;CO
25;Cundinamarca;25 - 506;VENECIA;CO
25;Cundinamarca;25 - 518;PAIME;CO
38;Pennsylvania;38 - 815;WYOMING;US
38;Pennsylvania;38 - 816;CENTRE;US
38;Pennsylvania;38 - 817;LYCOMING;US
38;Pennsylvania;38 - 818;YORK;US
38;Pennsylvania;38 - 819;MERCER;US
38;Pennsylvania;38 - 820;ADAMS;US
38;Pennsylvania;38 - 821;BEDFORD;US
38;Pennsylvania;38 - 822;BRADFORD;US
38;Pennsylvania;38 - 823;CAMERON;US
38;Pennsylvania;38 - 824;CLARION;US
38;Pennsylvania;38 - 825;CLEARFIELD;US
38;Pennsylvania;38 - 826;CLINTON;US
38;Pennsylvania;38 - 827;COLUMBIA;US
38;Pennsylvania;38 - 828;CRAWFORD;US
38;Pennsylvania;38 - 829;ELK;US
38;Pennsylvania;38 - 830;FOREST;US
38;Pennsylvania;38 - 831;FRANKLIN;US
38;Pennsylvania;38 - 832;FULTON;US
38;Pennsylvania;38 - 833;GREENE;US
38;Pennsylvania;38 - 834;HUNTINGDON;US
38;Pennsylvania;38 - 835;INDIANA;US
38;Pennsylvania;38 - 836;JEFFERSON;US
38;Pennsylvania;38 - 837;JUNIATA;US
38;Pennsylvania;38 - 838;LAWRENCE;US
38;Pennsylvania;38 - 839;MCKEAN;US
38;Pennsylvania;38 - 840;MIFFLIN;US
38;Pennsylvania;38 - 841;MONROE;US
38;Pennsylvania;38 - 842;MONTOUR;US
38;Pennsylvania;38 - 843;NORTHUMBERLAND;US
38;Pennsylvania;38 - 844;POTTER;US
38;Pennsylvania;38 - 845;SCHUYLKILL;US
38;Pennsylvania;38 - 846;SNYDER;US
38;Pennsylvania;38 - 847;SOMERSET;US
38;Pennsylvania;38 - 848;SULLIVAN;US
38;Pennsylvania;38 - 849;SUSQUEHANNA;US
38;Pennsylvania;38 - 850;TIOGA;US
38;Pennsylvania;38 - 851;UNION;US
38;Pennsylvania;38 - 852;VENANGO;US
38;Pennsylvania;38 - 853;WARREN;US
38;Pennsylvania;38 - 854;WAYNE;US
40;South Carolina;40 - 855;ANDERSON;US
40;South Carolina;40 - 856;AIKEN;US
40;South Carolina;40 - 857;EDGEFIELD;US
40;South Carolina;40 - 858;BERKELEY;US
40;South Carolina;40 - 859;CHARLESTON;US
40;South Carolina;40 - 860;DORCHESTER;US
40;South Carolina;40 - 861;YORK;US
40;South Carolina;40 - 862;CALHOUN;US
40;South Carolina;40 - 863;FAIRFIELD;US
40;South Carolina;40 - 864;KERSHAW;US
40;South Carolina;40 - 865;LEXINGTON;US
40;South Carolina;40 - 866;RICHLAND;US
40;South Carolina;40 - 867;SALUDA;US
40;South Carolina;40 - 868;DARLINGTON;US
40;South Carolina;40 - 869;FLORENCE;US
40;South Carolina;40 - 870;GREENVILLE;US
40;South Carolina;40 - 871;LAURENS;US
40;South Carolina;40 - 872;PICKENS;US
40;South Carolina;40 - 873;HORRY;US
40;South Carolina;40 - 874;SPARTANBURG;US
40;South Carolina;40 - 875;SUMTER;US
40;South Carolina;40 - 876;ABBEVILLE;US
40;South Carolina;40 - 877;ALLENDALE;US
40;South Carolina;40 - 878;BAMBERG;US
40;South Carolina;40 - 879;BARNWELL;US
40;South Carolina;40 - 880;BEAUFORT;US
40;South Carolina;40 - 881;CHEROKEE;US
40;South Carolina;40 - 882;CHESTER;US
40;South Carolina;40 - 883;CHESTERFIELD;US
40;South Carolina;40 - 884;CLARENDON;US
40;South Carolina;40 - 885;COLLETON;US
40;South Carolina;40 - 886;DILLON;US
40;South Carolina;40 - 887;GEORGETOWN;US
40;South Carolina;40 - 888;GREENWOOD;US
40;South Carolina;40 - 889;HAMPTON;US
40;South Carolina;40 - 890;JASPER;US
40;South Carolina;40 - 891;LANCASTER;US
40;South Carolina;40 - 892;LEE;US
40;South Carolina;40 - 893;MARION;US
40;South Carolina;40 - 894;MARLBORO;US
40;South Carolina;40 - 895;MCCORMICK;US
40;South Carolina;40 - 896;NEWBERRY;US
40;South Carolina;40 - 897;OCONEE;US
40;South Carolina;40 - 898;ORANGEBURG;US
40;South Carolina;40 - 899;UNION;US
40;South Carolina;40 - 900;WILLIAMSBURG;US
43;Texas;43 - 901;CALLAHAN;US
43;Texas;43 - 902;JONES;US
43;Texas;43 - 903;TAYLOR;US
43;Texas;43 - 904;ARMSTRONG;US
43;Texas;43 - 905;CARSON;US
43;Texas;43 - 906;POTTER;US
43;Texas;43 - 907;RANDALL;US
43;Texas;43 - 908;BASTROP;US
43;Texas;43 - 909;CALDWELL;US
43;Texas;43 - 910;HAYS;US
43;Texas;43 - 911;TRAVIS;US
43;Texas;43 - 912;WILLIAMSON;US
43;Texas;43 - 913;HARDIN;US
43;Texas;43 - 914;JEFFERSON;US
43;Texas;43 - 915;ORANGE;US
43;Texas;43 - 916;CAMERON;US
43;Texas;43 - 917;BRAZOS;US
43;Texas;43 - 918;BURLESON;US
43;Texas;43 - 919;ROBERTSON;US
43;Texas;43 - 920;ARANSAS;US
43;Texas;43 - 921;NUECES;US
43;Texas;43 - 922;SAN PATRICIO;US
43;Texas;43 - 923;COLLIN;US
43;Texas;43 - 924;DALLAS;US
43;Texas;43 - 925;DELTA;US
43;Texas;43 - 926;DENTON;US
43;Texas;43 - 927;ELLIS;US
43;Texas;43 - 928;HUNT;US
43;Texas;43 - 929;JOHNSON;US
43;Texas;43 - 930;KAUFMAN;US
43;Texas;43 - 931;PARKER;US
43;Texas;43 - 932;ROCKWALL;US
43;Texas;43 - 933;TARRANT;US
43;Texas;43 - 934;WISE;US
43;Texas;43 - 935;EL PASO;US
43;Texas;43 - 936;AUSTIN;US
43;Texas;43 - 937;BRAZORIA;US
43;Texas;43 - 938;CHAMBERS;US
43;Texas;43 - 939;FORT BEND;US
43;Texas;43 - 940;GALVESTON;US
43;Texas;43 - 941;HARRIS;US
43;Texas;43 - 942;LIBERTY;US
43;Texas;43 - 943;MONTGOMERY;US
43;Texas;43 - 944;SAN JACINTO;US
43;Texas;43 - 945;WALLER;US
43;Texas;43 - 946;BELL;US
43;Texas;43 - 947;CORYELL;US
43;Texas;43 - 948;LAMPASAS;US
43;Texas;43 - 949;WEBB;US
43;Texas;43 - 950;GREGG;US
43;Texas;43 - 951;RUSK;US
43;Texas;43 - 952;UPSHUR;US
43;Texas;43 - 953;CROSBY;US
43;Texas;43 - 954;LUBBOCK;US
43;Texas;43 - 955;HIDALGO;US
43;Texas;43 - 956;MIDLAND;US
43;Texas;43 - 957;ECTOR;US
43;Texas;43 - 958;IRION;US
43;Texas;43 - 959;TOM GREEN;US
43;Texas;43 - 960;ATASCOSA;US
43;Texas;43 - 961;BANDERA;US
43;Texas;43 - 962;BEXAR;US
43;Texas;43 - 963;COMAL;US
43;Texas;43 - 964;GUADALUPE;US
43;Texas;43 - 965;KENDALL;US
43;Texas;43 - 966;MEDINA;US
43;Texas;43 - 967;WILSON;US
43;Texas;43 - 968;GRAYSON;US
43;Texas;43 - 969;BOWIE;US
43;Texas;43 - 970;SMITH;US
43;Texas;43 - 971;CALHOUN;US
43;Texas;43 - 972;GOLIAD;US
43;Texas;43 - 973;VICTORIA;US
43;Texas;43 - 974;MCLENNAN;US
43;Texas;43 - 975;ARCHER;US
43;Texas;43 - 976;CLAY;US
43;Texas;43 - 977;WICHITA;US
43;Texas;43 - 978;ANDERSON;US
43;Texas;43 - 979;ANDREWS;US
43;Texas;43 - 980;ANGELINA;US
43;Texas;43 - 981;BAILEY;US
43;Texas;43 - 982;BAYLOR;US
43;Texas;43 - 983;BEE;US
43;Texas;43 - 984;BLANCO;US
43;Texas;43 - 985;BORDEN;US
43;Texas;43 - 986;BOSQUE;US
43;Texas;43 - 987;BREWSTER;US
43;Texas;43 - 988;BRISCOE;US
43;Texas;43 - 989;BROOKS;US
43;Texas;43 - 990;BROWN;US
43;Texas;43 - 991;BURNET;US
43;Texas;43 - 992;CAMP;US
43;Texas;43 - 993;CASS;US
43;Texas;43 - 994;CASTRO;US
43;Texas;43 - 995;CHEROKEE;US
43;Texas;43 - 996;CHILDRESS;US
43;Texas;43 - 997;COCHRAN;US
43;Texas;43 - 998;COKE;US
43;Texas;43 - 999;COLEMAN;US
43;Texas;43 - 1000;COLLINGSWORTH;US
43;Texas;43 - 1001;COLORADO;US
43;Texas;43 - 1002;COMANCHE;US
43;Texas;43 - 1003;CONCHO;US
43;Texas;43 - 1004;COOKE;US
43;Texas;43 - 1005;COTTLE;US
43;Texas;43 - 1006;CRANE;US
43;Texas;43 - 1007;CROCKETT;US
43;Texas;43 - 1008;CULBERSON;US
43;Texas;43 - 1009;DALLAM;US
43;Texas;43 - 1010;DAWSON;US
43;Texas;43 - 1011;DE WITT;US
43;Texas;43 - 1012;DEAF SMITH;US
43;Texas;43 - 1013;DICKENS;US
43;Texas;43 - 1014;DIMMIT;US
43;Texas;43 - 1015;DONLEY;US
43;Texas;43 - 1016;DUVAL;US
43;Texas;43 - 1017;EASTLAND;US
43;Texas;43 - 1018;EDWARDS;US
43;Texas;43 - 1019;ERATH;US
43;Texas;43 - 1020;FALLS;US
43;Texas;43 - 1021;FANNIN;US
43;Texas;43 - 1022;FAYETTE;US
43;Texas;43 - 1023;FISHER;US
43;Texas;43 - 1024;FLOYD;US
43;Texas;43 - 1025;FOARD;US
43;Texas;43 - 1026;FRANKLIN;US
43;Texas;43 - 1027;FREESTONE;US
43;Texas;43 - 1028;FRIO;US
43;Texas;43 - 1029;GAINES;US
43;Texas;43 - 1030;GARZA;US
43;Texas;43 - 1031;GILLESPIE;US
43;Texas;43 - 1032;GLASSCOCK;US
43;Texas;43 - 1033;GONZALES;US
43;Texas;43 - 1034;GRAY;US
43;Texas;43 - 1035;GRIMES;US
43;Texas;43 - 1036;HALE;US
43;Texas;43 - 1037;HALL;US
43;Texas;43 - 1038;HAMILTON;US
43;Texas;43 - 1039;HANSFORD;US
43;Texas;43 - 1040;HARDEMAN;US
43;Texas;43 - 1041;HARRISON;US
43;Texas;43 - 1042;HARTLEY;US
43;Texas;43 - 1043;HASKELL;US
43;Texas;43 - 1044;HEMPHILL;US
43;Texas;43 - 1045;HENDERSON;US
43;Texas;43 - 1046;HILL;US
43;Texas;43 - 1047;HOCKLEY;US
43;Texas;43 - 1048;HOOD;US
43;Texas;43 - 1049;HOPKINS;US
43;Texas;43 - 1050;HOUSTON;US
43;Texas;43 - 1051;HOWARD;US
43;Texas;43 - 1052;HUDSPETH;US
43;Texas;43 - 1053;HUTCHINSON;US
43;Texas;43 - 1054;JACK;US
43;Texas;43 - 1055;JACKSON;US
43;Texas;43 - 1056;JASPER;US
43;Texas;43 - 1057;JEFF DAVIS;US
43;Texas;43 - 1058;JIM HOGG;US
43;Texas;43 - 1059;JIM WELLS;US
43;Texas;43 - 1060;KARNES;US
43;Texas;43 - 1061;KENEDY;US
43;Texas;43 - 1062;KENT;US
43;Texas;43 - 1063;KERR;US
43;Texas;43 - 1064;KIMBLE;US
43;Texas;43 - 1065;KING;US
43;Texas;43 - 1066;KINNEY;US
43;Texas;43 - 1067;KLEBERG;US
43;Texas;43 - 1068;KNOX;US
43;Texas;43 - 1069;LA SALLE;US
43;Texas;43 - 1070;LAMAR;US
43;Texas;43 - 1071;LAMB;US
43;Texas;43 - 1072;LAVACA;US
43;Texas;43 - 1073;LEE;US
43;Texas;43 - 1074;LEON;US
43;Texas;43 - 1075;LIMESTONE;US
43;Texas;43 - 1076;LIPSCOMB;US
43;Texas;43 - 1077;LIVE OAK;US
43;Texas;43 - 1078;LLANO;US
43;Texas;43 - 1079;LOVING;US
43;Texas;43 - 1080;LYNN;US
43;Texas;43 - 1081;MADISON;US
43;Texas;43 - 1082;MARION;US
43;Texas;43 - 1083;MARTIN;US
43;Texas;43 - 1084;MASON;US
43;Texas;43 - 1085;MATAGORDA;US
43;Texas;43 - 1086;MAVERICK;US
43;Texas;43 - 1087;MCCULLOCH;US
43;Texas;43 - 1088;MCMULLEN;US
43;Texas;43 - 1089;MENARD;US
43;Texas;43 - 1090;MILAM;US
43;Texas;43 - 1091;MILLS;US
43;Texas;43 - 1092;MITCHELL;US
43;Texas;43 - 1093;MONTAGUE;US
43;Texas;43 - 1094;MOORE;US
43;Texas;43 - 1095;MORRIS;US
43;Texas;43 - 1096;MOTLEY;US
43;Texas;43 - 1097;NACOGDOCHES;US
43;Texas;43 - 1098;NAVARRO;US
43;Texas;43 - 1099;NEWTON;US
43;Texas;43 - 1100;NOLAN;US
43;Texas;43 - 1101;OCHILTREE;US
43;Texas;43 - 1102;OLDHAM;US
43;Texas;43 - 1103;PALO PINTO;US
43;Texas;43 - 1104;PANOLA;US
43;Texas;43 - 1105;PARMER;US
43;Texas;43 - 1106;PECOS;US
43;Texas;43 - 1107;POLK;US
43;Texas;43 - 1108;PRESIDIO;US
43;Texas;43 - 1109;RAINS;US
43;Texas;43 - 1110;REAGAN;US
43;Texas;43 - 1111;REAL;US
43;Texas;43 - 1112;RED RIVER;US
43;Texas;43 - 1113;REEVES;US
43;Texas;43 - 1114;REFUGIO;US
43;Texas;43 - 1115;ROBERTS;US
43;Texas;43 - 1116;RUNNELS;US
43;Texas;43 - 1117;SABINE;US
43;Texas;43 - 1118;SAN AUGUSTINE;US
43;Texas;43 - 1119;SAN SABA;US
43;Texas;43 - 1120;SCHLEICHER;US
43;Texas;43 - 1121;SCURRY;US
43;Texas;43 - 1122;SHACKELFORD;US
43;Texas;43 - 1123;SHELBY;US
43;Texas;43 - 1124;SHERMAN;US
43;Texas;43 - 1125;SOMERVELL;US
43;Texas;43 - 1126;STARR;US
43;Texas;43 - 1127;STEPHENS;US
43;Texas;43 - 1128;STERLING;US
43;Texas;43 - 1129;STONEWALL;US
43;Texas;43 - 1130;SUTTON;US
43;Texas;43 - 1131;SWISHER;US
43;Texas;43 - 1132;TERRELL;US
43;Texas;43 - 1133;TERRY;US
43;Texas;43 - 1134;THROCKMORTON;US
43;Texas;43 - 1135;TITUS;US
43;Texas;43 - 1136;TRINITY;US
43;Texas;43 - 1137;TYLER;US
43;Texas;43 - 1138;UPTON;US
43;Texas;43 - 1139;UVALDE;US
43;Texas;43 - 1140;VAL VERDE;US
43;Texas;43 - 1141;VAN ZANDT;US
43;Texas;43 - 1142;WALKER;US
43;Texas;43 - 1143;WARD;US
43;Texas;43 - 1144;WASHINGTON;US
43;Texas;43 - 1145;WHARTON;US
43;Texas;43 - 1146;WHEELER;US
43;Texas;43 - 1147;WILBARGER;US
43;Texas;43 - 1148;WILLACY;US
43;Texas;43 - 1149;WINKLER;US
43;Texas;43 - 1150;WOOD;US
43;Texas;43 - 1151;YOAKUM;US
43;Texas;43 - 1152;YOUNG;US
43;Texas;43 - 1153;ZAPATA;US
43;Texas;43 - 1154;ZAVALA;US
46;Virginia;46 - 1155;GILES;US
46;Virginia;46 - 1156;MONTGOMERY;US
46;Virginia;46 - 1157;PULASKI;US
46;Virginia;46 - 1158;ALBEMARLE;US
46;Virginia;46 - 1159;FLUVANNA;US
46;Virginia;46 - 1160;GREENE;US
46;Virginia;46 - 1161;NELSON;US
46;Virginia;46 - 1162;PITTSYLVANIA;US
46;Virginia;46 - 1163;ROCKINGHAM;US
46;Virginia;46 - 1164;SCOTT;US
46;Virginia;46 - 1165;WASHINGTON;US
46;Virginia;46 - 1166;AMHERST;US
46;Virginia;46 - 1167;APPOMATTOX;US
46;Virginia;46 - 1168;BEDFORD;US
46;Virginia;46 - 1169;CAMPBELL;US
46;Virginia;46 - 1170;AMELIA;US
46;Virginia;46 - 1171;CAROLINE;US
46;Virginia;46 - 1172;CHARLES CITY;US
46;Virginia;46 - 1173;CHESTERFIELD;US
46;Virginia;46 - 1174;CUMBERLAND;US
46;Virginia;46 - 1175;DINWIDDIE;US
46;Virginia;46 - 1176;GOOCHLAND;US
46;Virginia;46 - 1177;HANOVER;US
46;Virginia;46 - 1178;HENRICO;US
46;Virginia;46 - 1179;KING & QUEEN;US
46;Virginia;46 - 1180;KING WILLIAM;US
46;Virginia;46 - 1181;LOUISA;US
46;Virginia;46 - 1182;NEW KENT;US
46;Virginia;46 - 1183;POWHATAN;US
46;Virginia;46 - 1184;PRINCE GEORGE;US
46;Virginia;46 - 1185;SUSSEX;US
46;Virginia;46 - 1186;BOTETOURT;US
46;Virginia;46 - 1187;CRAIG;US
46;Virginia;46 - 1188;FRANKLIN;US
46;Virginia;46 - 1189;ROANOKE;US
46;Virginia;46 - 1190;GLOUCESTER;US
46;Virginia;46 - 1191;HAMPTON CITY;US
46;Virginia;46 - 1192;ISLE OF WIGHT;US
46;Virginia;46 - 1193;JAMES CITY;US
46;Virginia;46 - 1194;MATHEWS;US
46;Virginia;46 - 1195;NEWPORT NEWS;US
46;Virginia;46 - 1196;NORFOLK;US
46;Virginia;46 - 1197;SUFFOLK;US
46;Virginia;46 - 1198;SURRY;US
46;Virginia;46 - 1199;VIRGINIA BEACH;US
46;Virginia;46 - 1200;YORK;US
46;Virginia;46 - 1201;ARLINGTON;US
46;Virginia;46 - 1202;CLARKE;US
46;Virginia;46 - 1203;FAIRFAX;US
46;Virginia;46 - 1204;FAUQUIER;US
46;Virginia;46 - 1205;LOUDOUN;US
46;Virginia;46 - 1206;PRINCE WILLIAM;US
46;Virginia;46 - 1207;SPOTSYLVANIA;US
46;Virginia;46 - 1208;STAFFORD;US
46;Virginia;46 - 1209;WARREN;US
46;Virginia;46 - 1210;FREDERICK;US
46;Virginia;46 - 1211;ACCOMACK;US
46;Virginia;46 - 1212;ALLEGHANY;US
46;Virginia;46 - 1213;AUGUSTA;US
46;Virginia;46 - 1214;BATH;US
46;Virginia;46 - 1215;BLAND;US
46;Virginia;46 - 1216;BRUNSWICK;US
46;Virginia;46 - 1217;BUCHANAN;US
46;Virginia;46 - 1218;BUCKINGHAM;US
46;Virginia;46 - 1219;CARROLL;US
46;Virginia;46 - 1220;CHARLOTTE;US
46;Virginia;46 - 1221;CULPEPER;US
46;Virginia;46 - 1222;DICKENSON;US
46;Virginia;46 - 1223;ESSEX;US
46;Virginia;46 - 1224;FLOYD;US
46;Virginia;46 - 1225;GRAYSON;US
46;Virginia;46 - 1226;GREENSVILLE;US
46;Virginia;46 - 1227;HALIFAX;US
46;Virginia;46 - 1228;HENRY;US
46;Virginia;46 - 1229;HIGHLAND;US
46;Virginia;46 - 1230;KING GEORGE;US
46;Virginia;46 - 1231;LANCASTER;US
46;Virginia;46 - 1232;LEE;US
46;Virginia;46 - 1233;LUNENBURG;US
46;Virginia;46 - 1234;MADISON;US
46;Virginia;46 - 1235;MECKLENBURG;US
46;Virginia;46 - 1236;MIDDLESEX;US
46;Virginia;46 - 1237;NORTHAMPTON;US
46;Virginia;46 - 1238;NORTHUMBERLAND;US
46;Virginia;46 - 1239;NOTTOWAY;US
46;Virginia;46 - 1240;ORANGE;US
46;Virginia;46 - 1241;PAGE;US
46;Virginia;46 - 1242;PATRICK;US
46;Virginia;46 - 1243;PRINCE EDWARD;US
46;Virginia;46 - 1244;RAPPAHANNOCK;US
46;Virginia;46 - 1245;RICHMOND;US
46;Virginia;46 - 1246;ROCKBRIDGE;US
46;Virginia;46 - 1247;RUSSELL;US
46;Virginia;46 - 1248;SHENANDOAH;US
46;Virginia;46 - 1249;SMYTH;US
46;Virginia;46 - 1250;SOUTHAMPTON;US
46;Virginia;46 - 1251;TAZEWELL;US
46;Virginia;46 - 1252;WESTMORELAND;US
46;Virginia;46 - 1253;WISE;US
46;Virginia;46 - 1254;WYTHE;US
48;West Virginia;48 - 1255;BOONE;US
48;West Virginia;48 - 1256;CLAY;US
48;West Virginia;48 - 1257;KANAWHA;US
48;West Virginia;48 - 1258;LINCOLN;US
48;West Virginia;48 - 1259;PUTNAM;US
48;West Virginia;48 - 1260;MINERAL;US
48;West Virginia;48 - 1261;BERKELEY;US
48;West Virginia;48 - 1262;MORGAN;US
48;West Virginia;48 - 1263;CABELL;US
48;West Virginia;48 - 1264;WAYNE;US
48;West Virginia;48 - 1265;MONONGALIA;US
48;West Virginia;48 - 1266;PRESTON;US
48;West Virginia;48 - 1267;PLEASANTS;US
48;West Virginia;48 - 1268;WIRT;US
48;West Virginia;48 - 1269;WOOD;US
48;West Virginia;48 - 1270;JEFFERSON;US
48;West Virginia;48 - 1271;BROOKE;US
48;West Virginia;48 - 1272;HANCOCK;US
48;West Virginia;48 - 1273;MARSHALL;US
48;West Virginia;48 - 1274;OHIO;US
48;West Virginia;48 - 1275;HAMPSHIRE;US
48;West Virginia;48 - 1276;BARBOUR;US
48;West Virginia;48 - 1277;BRAXTON;US
48;West Virginia;48 - 1278;CALHOUN;US
48;West Virginia;48 - 1279;DODDRIDGE;US
48;West Virginia;48 - 1280;FAYETTE;US
48;West Virginia;48 - 1281;GILMER;US
48;West Virginia;48 - 1282;GRANT;US
48;West Virginia;48 - 1283;GREENBRIER;US
48;West Virginia;48 - 1284;HARDY;US
48;West Virginia;48 - 1285;HARRISON;US
48;West Virginia;48 - 1286;JACKSON;US
48;West Virginia;48 - 1287;LEWIS;US
48;West Virginia;48 - 1288;LOGAN;US
48;West Virginia;48 - 1289;MARION;US
48;West Virginia;48 - 1290;MASON;US
48;West Virginia;48 - 1291;MCDOWELL;US
48;West Virginia;48 - 1292;MERCER;US
48;West Virginia;48 - 1293;MINGO;US
48;West Virginia;48 - 1294;MONROE;US
48;West Virginia;48 - 1295;NICHOLAS;US
48;West Virginia;48 - 1296;PENDLETON;US
48;West Virginia;48 - 1297;POCAHONTAS;US
48;West Virginia;48 - 1298;RALEIGH;US
48;West Virginia;48 - 1299;RANDOLPH;US
48;West Virginia;48 - 1300;RITCHIE;US
48;West Virginia;48 - 1301;ROANE;US
48;West Virginia;48 - 1302;SUMMERS;US
48;West Virginia;48 - 1303;TAYLOR;US
48;West Virginia;48 - 1304;TUCKER;US
48;West Virginia;48 - 1305;TYLER;US
48;West Virginia;48 - 1306;UPSHUR;US
48;West Virginia;48 - 1307;WEBSTER;US
48;West Virginia;48 - 1308;WETZEL;US
48;West Virginia;48 - 1309;WYOMING;US
